GameID,FromDate,FromTime,ToDate,Status,SiteName,BillToName,SportName,LevelName,HomeTeams,AwayTeams,Officials
"4961","9/26/2021 12:00:00 AM","1/1/1900 12:00:00 PM","9/26/2021 1:20:00 PM","Normal","ATLANTIC - TARTAGLIO","","Soccer","U-15","ATLANTIC UNTIED PREMIER KICKERS 2007","FRANKLIN TWP SAVAGES 2007","John Scola","Bernard Tadley","Clayton Scola",
"5064","9/26/2021 12:00:00 AM","1/1/1900 2:00:00 PM","9/26/2021 3:15:00 PM","Normal","ATLANTIC - TARTAGLIO","","Soccer","U-9","ATLANTIC UNTIED PREMIER KICKERS 2013 B","HADDON HEIGHTS SC 2013 ATLETICO HEIGHTS","Clayton Scola","John Scola","Bernard Tadley",
"4894","9/26/2021 12:00:00 AM","1/1/1900 11:00:00 AM","9/26/2021 12:15:00 PM","Normal","AUDUBON - GREEN WAVE PARK","","Soccer","U-12","AUDUBON SOCCER YOUTH UNITED 2010","GATEWAY UNITED JAGUARS 2010","Dana Capozzi",
"4975","9/26/2021 12:00:00 AM","1/1/1900 12:30:00 PM","9/26/2021 1:45:00 PM","Normal","AUDUBON - GREEN WAVE PARK","","Soccer","U-9","AUDUBON SOCCER YOUTH WILD WINGS 2013","EGG HARBOR SC EAGLES WHITE 2013","Dana Capozzi",
"5060","9/26/2021 12:00:00 AM","1/1/1900 2:00:00 PM","9/26/2021 3:15:00 PM","Normal","AUDUBON - GREEN WAVE PARK","","Soccer","U-10","AUDUBON SOCCER YOUTH TBD 2013","FRANKLIN TWP CRUSADERS 2012","Dana Capozzi",
"5126","9/26/2021 12:00:00 AM","1/1/1900 3:30:00 PM","9/26/2021 4:45:00 PM","Normal","AUDUBON - GREEN WAVE PARK","","Soccer","U-9","AUDUBON SOCCER YOUTH ARSENAL 2010","FRANKLIN TWP SA ENFORCERS 2013","Dana Capozzi",
"4921","9/26/2021 12:00:00 AM","1/1/1900 12:00:00 PM","9/26/2021 1:30:00 PM","Normal","BERLIN SC - FRANKLIN FIELDS","","Soccer","U-13","BERLIN KNIGHTS 2009","Logan Soccer Club  Logan Rebels 2009","Michael Vinci","Chase Boucher - 16","Riley Boucher - 17",
"5015","9/26/2021 12:00:00 AM","1/1/1900 1:30:00 PM","9/26/2021 3:00:00 PM","Normal","BERLIN SC - FRANKLIN FIELDS","","Soccer","U-14","BERLIN SAVAGES 2008","MARLTON SC CHIEFS WHITE 2008","Erwin Stielow","Riley Boucher - 17","Chase Boucher - 16",
"5129","9/26/2021 12:00:00 AM","1/1/1900 3:30:00 PM","9/26/2021 4:45:00 PM","Normal","BERLIN SC - FRANKLIN FIELDS","","Soccer","U-11","BERLIN SC BALL BREAKERS 2011","MONROE TOWNSHIP YS UNITED 2011 WHITE","Michael Vinci","Riley Boucher - 17","Chase Boucher - 16",
"4963","9/26/2021 12:00:00 AM","1/1/1900 12:00:00 PM","9/26/2021 1:20:00 PM","Normal","BORDENTOWN - FRIENDSHIP FIELDS","","Soccer","U-15","BORDENTOWN FC RAPTORS 2007","PENNS GROVE SC DEVIL DOGS 2007","Kevin Amey","Richard Lodge",
"4965","9/26/2021 12:00:00 AM","1/1/1900 12:00:00 PM","9/26/2021 1:15:00 PM","Normal","BORDENTOWN - FRIENDSHIP FIELDS","","Soccer","U-12","BORDENTOWN FC PANTHERS 2010","MAINLAND UNITED SA SHARKS 2010","Dave Grupp","Matthew Conti - 16","Dylan Cochran-16",
"5002","9/26/2021 12:00:00 AM","1/1/1900 1:30:00 PM","9/26/2021 2:45:00 PM","Normal","BORDENTOWN - FRIENDSHIP FIELDS","","Soccer","U-11","BORDENTOWN FC RENEGADES 2011","ATLANTIC UNTIED PREMIER KICKERS 2011 B","Matthew Conti - 16","Dylan Cochran-16","Dave Grupp",
"4908","9/26/2021 12:00:00 AM","1/1/1900 12:00:00 PM","9/26/2021 1:30:00 PM","Normal","BURLINGTON TWP - PINEWALD AVE","","Soccer","U-14","BURLINGTON TWP SC BLAZERS 2008","HADDONFIELD SC RED 2008","Edwin Sirak","Ken Katsoff","Ethan Murray - 16",
"4995","9/26/2021 12:00:00 AM","1/1/1900 1:30:00 PM","9/26/2021 3:00:00 PM","Normal","BURLINGTON TWP - PINEWALD AVE","","Soccer","U-14","BURLINGTON TWP SC GALAXY 2008","DEPTFORD DRAGONS 2008","John Carmignani","Edwin Sirak","Ken Katsoff",
"5092","9/26/2021 12:00:00 AM","1/1/1900 3:00:00 PM","9/26/2021 4:20:00 PM","Normal","BURLINGTON TWP - PINEWALD AVE","","Soccer","U-15","BURLINGTON TWP SC STORM 2007","COLLINGSWOOD TRAVEL VOLTAGE  2007","Ken Katsoff","John Carmignani","Edwin Sirak",
"4928","9/26/2021 12:00:00 AM","1/1/1900 12:00:00 PM","9/26/2021 1:15:00 PM","Normal","BURLINGTON TWP - PINEWALD AVE","","Soccer","U-10","BURLINGTON TWP SC DRAGONS 2012","VINELAND SA FURY 2012","Paul Carroll","Anthony Sarno - 15","Sam Kalm-15",
"5102","9/26/2021 12:00:00 AM","1/1/1900 3:00:00 PM","9/26/2021 4:15:00 PM","Normal","BURLINGTON TWP - PINEWALD AVE","","Soccer","U-8","BURLINGTON TWP DYNAMITE 2014","DELRAN FC U8B","Dylan Cochran-16","Dave Grupp","Matthew Conti - 16",
"4982","9/26/2021 12:00:00 AM","1/1/1900 12:30:00 PM","9/26/2021 1:45:00 PM","Normal","BURLINGTON TWP - PINEWALD AVE","","Soccer","U-12","BURLINGTON TWP RUGRATS 2010","MANTUA TOWNSHIP SA RAPTORS 2010","Robert Valluzzo","Aidan DeLitta-15","Jackson DeLitta-15",
"5072","9/26/2021 12:00:00 AM","1/1/1900 2:00:00 PM","9/26/2021 3:15:00 PM","Normal","BURLINGTON TWP - PINEWALD AVE","","Soccer","U-12","BURLINGTON TWP SC CELTIC 2010","HADDON HEIGHTS SC HOOLIGANS 2010","Joseph Minch Sr","Paul Carroll","Robert Valluzzo",
"5117","9/26/2021 12:00:00 AM","1/1/1900 3:30:00 PM","9/26/2021 4:45:00 PM","Normal","BURLINGTON TWP - PINEWALD AVE","","Soccer","U-11","BURLINGTON TWP SC REBELS 2011","MARLTON SC CHIEFS ORANGE 2011","Robert Valluzzo","Joseph Minch Sr","Paul Carroll",
"4920","9/26/2021 12:00:00 AM","1/1/1900 12:00:00 PM","9/26/2021 1:30:00 PM","Normal","CAPE EX SOCCER COMPLEX At Ockie Wisting","","Soccer","U-13","CAPE EXPRESS SC THUNDER 2009","VOORHEES SA AMBUSH 2009","Maksim Padchasha","Randy Ballin","Carman Scarpa",
"5033","9/26/2021 12:00:00 AM","1/1/1900 1:30:00 PM","9/26/2021 3:00:00 PM","Normal","CAPE EX SOCCER COMPLEX At Ockie Wisting","","Soccer","U-14","CAPE EXPRESS SC BREAKERS 2008","DEPTFORD CHAOS 2008","Randy Ballin","Carman Scarpa","Maksim Padchasha",
"4958","9/26/2021 12:00:00 AM","1/1/1900 12:00:00 PM","9/26/2021 1:15:00 PM","Normal","CAPE EX SOCCER COMPLEX At Ockie Wisting","","Soccer","U-9","CAPE EXPRESS SC AVENGERS 2013","HIGHLAND YOUTH RUSH 2013","Steven Gurdgiel",
"5006","9/26/2021 12:00:00 AM","1/1/1900 1:30:00 PM","9/26/2021 2:45:00 PM","Normal","CAPE EX SOCCER COMPLEX At Ockie Wisting","","Soccer","U-10","CAPE EXPRESS SC WHITE CAPS 2012","DEPTFORD THUNDER 2012","Steven Gurdgiel",
"5118","9/26/2021 12:00:00 AM","1/1/1900 3:30:00 PM","9/26/2021 4:45:00 PM","Normal","CAPE EX SOCCER COMPLEX At Ockie Wisting","","Soccer","U-11","CAPE EXPRESS SC SURGE 2011","DELRAN FC BLAST 2011","Carman Scarpa","Randy Ballin",
"4906","9/26/2021 12:00:00 AM","1/1/1900 12:00:00 PM","9/26/2021 1:15:00 PM","Normal","CHFC - DeCOU","","Soccer","U-10","CHERRY HILL FC JUNIORS BLACK 2012","MANTUA TOWNSHIP SA FURY 2012","Dennis Chang",
"5004","9/26/2021 12:00:00 AM","1/1/1900 1:30:00 PM","9/26/2021 2:45:00 PM","Normal","CHFC - DeCOU","","Soccer","U-10","CHERRY HILL FC JUNIORS RED 2012","TBAA JAGUARS 2012","Dennis Chang",
"5095","9/26/2021 12:00:00 AM","1/1/1900 3:00:00 PM","9/26/2021 4:15:00 PM","Normal","CHFC - DeCOU","","Soccer","U-9","CHERRY HILL FC JUNIORS BLACK 2013","TARKILL KNIGHTS 2013","Dennis Chang",
"4893","9/26/2021 12:00:00 AM","1/1/1900 11:00:00 AM","9/26/2021 12:30:00 PM","Normal","CHFC - DeCOU","","Soccer","U-14","CHERRY HILL FC RAGE 2008","SWEDESBORO-WOOLWICH KINGS 2008","Adrian Johnson","Nathen Johnson","Olivia Brocious - 16",
"4983","9/26/2021 12:00:00 AM","1/1/1900 12:30:00 PM","9/26/2021 2:00:00 PM","Normal","CHFC - DeCOU","","Soccer","U-13","CHERRY HILL FC DRAGONS 2009","EGSA COMETS 2009","Adrian Johnson","Nathen Johnson","Olivia Brocious - 16",
"5069","9/26/2021 12:00:00 AM","1/1/1900 2:00:00 PM","9/26/2021 3:15:00 PM","Normal","CHFC - DeCOU","","Soccer","U-12","CHERRY HILL FC JUNIORS BLACK 2010","WOODSTOWN WARRIORS 2010","Adrian Johnson","Nathen Johnson","Olivia Brocious - 16",
"5122","9/26/2021 12:00:00 AM","1/1/1900 3:30:00 PM","9/26/2021 4:45:00 PM","Normal","CHFC - DeCOU","","Soccer","U-11","CHERRY HILL FC JUNIORS RED 2011","WINSLOW TOWNSHIP YSA RUSH 2011","Adrian Johnson","Nathen Johnson","Olivia Brocious - 16",
"4974","9/26/2021 12:00:00 AM","1/1/1900 12:00:00 PM","9/26/2021 1:30:00 PM","Normal","CHSC - CH WEST HS","","Soccer","U-13","CHERRY HILL SC FORCE 2009","DEPTFORD REBELS 2009","Dan Deal","Carly Nothnagel","Colin McCarthy - 15",
"4993","9/26/2021 12:00:00 AM","1/1/1900 1:30:00 PM","9/26/2021 2:50:00 PM","Normal","CHSC - CH WEST HS","","Soccer","U-15","CHERRY HILL SC GALAXY 2007","TBAA MUSTANGS 2007","Dan Deal","Carly Nothnagel","Colin McCarthy - 15",
"4919","9/26/2021 12:00:00 AM","1/1/1900 12:00:00 PM","9/26/2021 1:15:00 PM","Normal","CHSC - UPPER CHAPEL TURF","","Soccer","U-9","CHERRY HILL SC THUNDER 2013","MEDFORD SC BLUE DEVILS 2013",
"5034","9/26/2021 12:00:00 AM","1/1/1900 1:30:00 PM","9/26/2021 2:45:00 PM","Normal","CHSC - UPPER CHAPEL TURF","","Soccer","U-9","CHERRY HILL SC MAVERICKS 2013","WASHINGTON TOWNSHIP SC GUNNERS 2013","Matt Routzahn - 15",
"5101","9/26/2021 12:00:00 AM","1/1/1900 3:00:00 PM","9/26/2021 4:15:00 PM","Normal","CHSC - UPPER CHAPEL TURF","","Soccer","U-8","CHERRY HILL SC FORCE 2014","MEDFORD SC AVENGERS 2014","Matt Routzahn - 15",
"4967","9/26/2021 12:00:00 AM","1/1/1900 12:00:00 PM","9/26/2021 1:15:00 PM","Normal","CHSC - UPPER CHAPEL TURF","","Soccer","U-11","CHERRY HILL SC AMBUSH 2011","MANTUA TOWNSHIP SA UNION 2011","Matt Routzahn - 15",
"5045","9/26/2021 12:00:00 AM","1/1/1900 1:30:00 PM","9/26/2021 2:45:00 PM","Postponed","CHSC - UPPER CHAPEL TURF","","Soccer","U-12","CHERRY HILL SC THUNDERBOLTS 2010","WOODSTOWN WOLVERINES 2010","John Barna",
"4957","9/26/2021 12:00:00 AM","1/1/1900 12:00:00 PM","9/26/2021 1:30:00 PM","Normal","CINNAMINSON SC - MEMORIAL","","Soccer","U-13","CINNAMINSON SC WILDCATS 2009","HIGHLAND YOUTH HURRICANE 2009","Mark Rekant","Kevin Becker","John Bilkins - 15",
"5053","9/26/2021 12:00:00 AM","1/1/1900 1:45:00 PM","9/26/2021 3:05:00 PM","Normal","CINNAMINSON SC - MEMORIAL","","Soccer","U-15","CINNAMINSON SC PREDATORS 2007","HARRISON SC AVENGERS 2007","Kevin Becker","Mark Rekant","John Bilkins - 15",
"5114","9/26/2021 12:00:00 AM","1/1/1900 3:30:00 PM","9/26/2021 5:00:00 PM","Normal","CINNAMINSON SC - MEMORIAL","","Soccer","U-13","CINNAMINSON SC PIRATES 2009","WOODSTOWN ANGRY PIGS 2009","Mark Rekant","Kevin Becker","John Bilkins - 15",
"4890","9/26/2021 12:00:00 AM","1/1/1900 11:00:00 AM","9/26/2021 12:15:00 PM","Normal","CINNAMINSON SC - MEMORIAL","","Soccer","U-9","CINNAMINSON SC THUNDERBIRDS 2013","CHERRY HILL FC JUNIORS RED 2013","David Gould",
"4978","9/26/2021 12:00:00 AM","1/1/1900 12:30:00 PM","9/26/2021 1:45:00 PM","Normal","CINNAMINSON SC - MEMORIAL","","Soccer","U-8","CINNAMINSON SC CHARGERS 2014","SWSA THUNDER 2014","David Gould",
"5071","9/26/2021 12:00:00 AM","1/1/1900 2:00:00 PM","9/26/2021 3:15:00 PM","Normal","CINNAMINSON SC - MEMORIAL","","Soccer","U-10","CINNAMINSON SC WARRIORS 2012","GATEWAY UNITED STING RAYS 2012","David Gould",
"5127","9/26/2021 12:00:00 AM","1/1/1900 3:30:00 PM","9/26/2021 4:45:00 PM","Normal","CINNAMINSON SC - MEMORIAL","","Soccer","U-8","CINNAMINSON SC AVENGERS 2014","MONROE TWP UNITED 2014","David Gould",
"4916","9/26/2021 12:00:00 AM","1/1/1900 12:00:00 PM","9/26/2021 1:15:00 PM","Normal","CINNAMINSON SC - MEMORIAL","","Soccer","U-12","CINNAMINSON SC PIRATES 2010","VINELAND SA REBELS 2010","Marjory McCahill",
"5021","9/26/2021 12:00:00 AM","1/1/1900 1:30:00 PM","9/26/2021 2:45:00 PM","Normal","CINNAMINSON SC - MEMORIAL","","Soccer","U-11","CINNAMINSON SC VIPERS 2011","HARRISON SC THUNDER 2011","Marjory McCahill",
"5100","9/26/2021 12:00:00 AM","1/1/1900 3:00:00 PM","9/26/2021 4:15:00 PM","Normal","CINNAMINSON SC - MEMORIAL","","Soccer","U-12","CINNAMINSON SC KNIGHTS 2010","MEDFORD STRIKERS SOUL 2010","Marjory McCahill",
"4985","9/26/2021 12:00:00 AM","1/1/1900 1:00:00 PM","9/26/2021 2:30:00 PM","Normal","CLAYTON - BENTZ","","Soccer","U-14","CLAYTON SA CLIPPERS 2008","CHERRY HILL SC UNITED (2008) - BOYS","Matthew Liss - 17","Connor Mullin - 17","Ryan Mullin - 15",
"5073","9/26/2021 12:00:00 AM","1/1/1900 2:30:00 PM","9/26/2021 3:45:00 PM","Normal","CLAYTON - BENTZ","","Soccer","U-10","CLAYTON SA CLIPPERS 2012","PITMAN SA JAGUARS 2012","Matthew Liss - 17","Connor Mullin - 17","Ryan Mullin - 15",
"4897","9/26/2021 12:00:00 AM","1/1/1900 11:30:00 AM","9/26/2021 12:45:00 PM","Normal","CLAYTON - BENTZ","","Soccer","U-11","CLAYTON SA CLIPPERS 2011","PENNS GROVE SC RAGE 2011","Matthew Liss - 17","Connor Mullin - 17","Ryan Mullin - 15",
"4924","9/26/2021 12:00:00 AM","1/1/1900 12:00:00 PM","9/26/2021 1:30:00 PM","Normal","COHANSEY","","Soccer","U-13","COHANSEY SC STORM 2009","WASHINGTON TWP SC GLADIATORS 2009","Anthony Coppola","Samuel Ricci","Dante Ricci",
"4979","9/26/2021 12:00:00 AM","1/1/1900 12:30:00 PM","9/26/2021 1:45:00 PM","Normal","COHANSEY","","Soccer","U-9","COHANSEY SC REVOLUTION 2013","UPPER TOWNSHIP SA ROLLING THUNDER 2013","Walt Harrison","Ella Berger","Quinn Berger",
"5057","9/26/2021 12:00:00 AM","1/1/1900 2:00:00 PM","9/26/2021 3:15:00 PM","Normal","COHANSEY","","Soccer","U-8","COHANSEY PREMIER 2014 FLYERS","EGG HARBOR SC EAGLES 2014","Walt Harrison","Ella Berger","Quinn Berger",
"5043","9/26/2021 12:00:00 AM","1/1/1900 1:30:00 PM","9/26/2021 2:45:00 PM","Normal","COHANSEY","","Soccer","U-12","COHANSEY SC CRUSH 2010","HARRISON SC STORM 2010","Samuel Ricci","Dante Ricci","Anthony Coppola",
"5096","9/26/2021 12:00:00 AM","1/1/1900 3:00:00 PM","9/26/2021 4:15:00 PM","Normal","COHANSEY","","Soccer","U-11","COHANSEY SC BLUES 2011","MEDFORD SC COLUMBIA 2011","Samuel Ricci","Anthony Coppola","Dante Ricci",
"4954","9/26/2021 12:00:00 AM","1/1/1900 12:00:00 PM","9/26/2021 1:30:00 PM","Normal","COLLINGSWOOD - KROC CENTER","","Soccer","U-14","COLLINGSWOOD TRAVEL COYOTES 2008","MEDFORD SC WHITE 2008","James Young",
"5031","9/26/2021 12:00:00 AM","1/1/1900 1:30:00 PM","9/26/2021 3:00:00 PM","Normal","COLLINGSWOOD - KROC CENTER","","Soccer","U-13","COLLINGSWOOD TRAVEL UNION 2009","HADDONFIELD SC BLACK 2009","James Young",
"4949","9/26/2021 12:00:00 AM","1/1/1900 12:00:00 PM","9/26/2021 1:15:00 PM","Normal","COLLINGSWOOD - KROC CENTER","","Soccer","U-10","COLLINGSWOOD TRAVEL KNIGHTS 2012","MOUNT LAUREL UNITED IMPACT 2012",
"5042","9/26/2021 12:00:00 AM","1/1/1900 1:30:00 PM","9/26/2021 2:45:00 PM","Normal","COLLINGSWOOD - KROC CENTER","","Soccer","U-9","COLLINGSWOOD COBRAS 2013","WASHINGTON TWP SC COYOTES 2013",
"5055","9/26/2021 12:00:00 AM","1/1/1900 2:00:00 PM","9/26/2021 3:30:00 PM","Normal","DELRAN - VERMES","","Soccer","U-14","DELRAN LIONS 2008","VINELAND SA VIKINGS 2008","Judith Valianti",
"5130","9/26/2021 12:00:00 AM","1/1/1900 3:30:00 PM","9/26/2021 4:45:00 PM","Normal","DELRAN - VERMES","","Soccer","U-9","DELRAN FC UNITED","VOORHEES SA PREDATORS 2013",
"4895","9/26/2021 12:00:00 AM","1/1/1900 11:00:00 AM","9/26/2021 1:00:00 PM","Normal","DEPTFORD SC","","Soccer","U-17","DEPTFORD SCORPIONS 2005","PENNS GROVE SC WILDCATS 2005","Nick Cisterino","Thomas Lisinski","Thomas Laperriere - 17",
"4984","9/26/2021 12:00:00 AM","1/1/1900 1:00:00 PM","9/26/2021 2:20:00 PM","Normal","DEPTFORD SC","","Soccer","U-16","DEPTFORD RAPTORS 2006","WASHINGTON TWP SC CRUSADERS 2006","Thomas Lisinski","Nick Cisterino","Thomas Laperriere - 17",
"5074","9/26/2021 12:00:00 AM","1/1/1900 10:30:00 AM","9/26/2021 12:00:00 PM","Normal","DEPTFORD SC","","Soccer","U-13","DEPTFORD AVENGERS 2009","MANTUA TOWNSHIP SA STRIKERS 2009","Thomas Hlawatsch","Madison Tomon - 15","Mackenzie Tomon - 15",
"4904","9/26/2021 12:00:00 AM","1/1/1900 12:00:00 PM","9/26/2021 1:15:00 PM","Normal","DEPTFORD SC","","Soccer","U-8","DEPTFORD PREMIER FUTURES 2014","MARLTON SC CHIEFS ORANGE 2014 (REED)","Ava Wiggenhorn - 17",
"6903","9/26/2021 12:00:00 AM","1/1/1900 1:30:00 PM","9/26/2021 2:45:00 PM","Normal","DEPTFORD SC","","Soccer","U-9","DEPTFORD SA TORNADOS 2013","HADDON HEIGHTS SC 2013 YOUNG BOYS","Ava Wiggenhorn - 17",
"5005","9/26/2021 12:00:00 AM","1/1/1900 3:00:00 PM","9/26/2021 4:15:00 PM","Normal","DEPTFORD SC","","Soccer","U-8","DEPTFORD PREMIER GRAY 2014","HADDON TWP RED HAWKS 2014","Ava Wiggenhorn - 17",
"4917","9/26/2021 12:00:00 AM","1/1/1900 12:00:00 PM","9/26/2021 1:15:00 PM","Normal","DEPTFORD SC","","Soccer","U-12","DEPTFORD DEMONS 2010","MARLTON SC CHIEFS WHITE 2010","Thomas Hlawatsch","Madison Tomon - 15","Mackenzie Tomon - 15",
"5044","9/26/2021 12:00:00 AM","1/1/1900 1:30:00 PM","9/26/2021 2:45:00 PM","Normal","DEPTFORD SC","","Soccer","U-11","DEPTFORD BLAZE 2011","SWEDESBORO-WOOLWICH SA RED FLAMES 2011","Thomas Hlawatsch","Madison Tomon - 15","Mackenzie Tomon - 15",
"4960","9/26/2021 12:00:00 AM","1/1/1900 12:00:00 PM","9/26/2021 1:15:00 PM","Normal","E GREENWICH - THOMPSON FAMILY PARK","","Soccer","U-12","EGSA BLAZE 2010","MONROE TOWNSHIP YS UNITED 2010","Olivia Crisfulla - 16","Emma Nguyen - 15","Therese Lucian - 15",
"5037","9/26/2021 12:00:00 AM","1/1/1900 1:30:00 PM","9/26/2021 2:45:00 PM","Normal","E GREENWICH - THOMPSON FAMILY PARK","","Soccer","U-11","EGSA NITRO 2011","PENNSVILLE HAWKS 2011","Olivia Crisfulla - 16","Emma Nguyen - 15","Therese Lucian - 15",
"5081","9/26/2021 12:00:00 AM","1/1/1900 3:00:00 PM","9/26/2021 4:15:00 PM","Normal","E GREENWICH - THOMPSON FAMILY PARK","","Soccer","U-12","EGSA CHARGERS 2010","FRANKLIN TWP STORM 2010","Olivia Crisfulla - 16","Emma Nguyen - 15","Therese Lucian - 15",
"4939","9/26/2021 12:00:00 AM","1/1/1900 12:00:00 PM","9/26/2021 1:20:00 PM","Normal","E GREENWICH - THOMPSON FAMILY PARK","","Soccer","U-15","EGSA HORNETS 2007","PALMYRA RIVERTON SC FLASH 2007",
"4915","9/26/2021 12:00:00 AM","1/1/1900 12:00:00 PM","9/26/2021 1:15:00 PM","Normal","E GREENWICH - THOMPSON FAMILY PARK","","Soccer","U-10","EGSA WARRIORS 2012","DEPTFORD VENOM 2012","Rob Thomas",
"5012","9/26/2021 12:00:00 AM","1/1/1900 1:30:00 PM","9/26/2021 2:45:00 PM","Normal","E GREENWICH - THOMPSON FAMILY PARK","","Soccer","U-8","EGSA TITANS 2014","TBAA OUTLAWS 2014","Rob Thomas",
"5076","9/26/2021 12:00:00 AM","1/1/1900 3:00:00 PM","9/26/2021 4:15:00 PM","Normal","E GREENWICH - THOMPSON FAMILY PARK","","Soccer","U-9","EGSA DYNAMO 2013","SWEDESBORO-WOOLWICH SA SWSA ROVERS 2013","Rob Thomas",
"4896","9/26/2021 12:00:00 AM","1/1/1900 11:00:00 AM","9/26/2021 12:15:00 PM","Normal","E GREENWICH - THOMPSON FAMILY PARK","","Soccer","U-10","EGSA VENOM 2012","SOUTH HARRISON STRIKERS 2012","John Covely",
"4980","9/26/2021 12:00:00 AM","1/1/1900 12:30:00 PM","9/26/2021 1:45:00 PM","Normal","E GREENWICH - THOMPSON FAMILY PARK","","Soccer","U-10","EGSA RANGERS 2012","HADDON TWP WHITE HAWKS 2012","John Covely",
"5062","9/26/2021 12:00:00 AM","1/1/1900 2:00:00 PM","9/26/2021 3:15:00 PM","Normal","E GREENWICH - THOMPSON FAMILY PARK","","Soccer","U-9","EGSA MAYHEM 2013","BORDENTOWN FC UNION 2013","John Covely",
"5115","9/26/2021 12:00:00 AM","1/1/1900 3:30:00 PM","9/26/2021 4:45:00 PM","Normal","E GREENWICH - THOMPSON FAMILY PARK","","Soccer","U-9","EGSA RAIDERS 2013","MILLVILLE SA REBELS 2013","John Covely",
"4968","9/26/2021 12:00:00 AM","1/1/1900 12:00:00 PM","9/26/2021 1:20:00 PM","Normal","EGG HARBOR - BARGAINTOWN","","Soccer","U-16","EGG HARBOR SC EAGLES 2006","BORDENTOWN FC UNITED 2006","Harry Chandless","Chris Hanna","Danny Ortiz",
"5020","9/26/2021 12:00:00 AM","1/1/1900 1:30:00 PM","9/26/2021 3:00:00 PM","Normal","EGG HARBOR - BARGAINTOWN","","Soccer","U-14","EGG HARBOR SC EAGLES 2008","WEST DEPTFORD VIPERS 2008","Chris Hanna","Danny Ortiz","Harry Chandless",
"5077","9/26/2021 12:00:00 AM","1/1/1900 3:00:00 PM","9/26/2021 4:30:00 PM","Normal","EGG HARBOR - BARGAINTOWN","","Soccer","U-13","EGG HARBOR SC EAGLES 2009","HADDON HEIGHTS SC GARNETS 2009","Danny Ortiz","Harry Chandless","Chris Hanna",
"5085","9/26/2021 12:00:00 AM","1/1/1900 3:00:00 PM","9/26/2021 4:15:00 PM","Normal","EGG HARBOR - BARGAINTOWN","","Soccer","U-9","EGG HARBOR SC EAGLES BLACK 2013","WASHINGTON TOWNSHIP SC DAREDEVILS 2013","Barbara Paugh",
"4927","9/26/2021 12:00:00 AM","1/1/1900 12:00:00 PM","9/26/2021 1:30:00 PM","Normal","EPAA - WEIMANN FIELD","","Soccer","U-19","EDGEWATER PARK ATHLETIC UNITED 2004","PENNSAUKEN YOUTH VIPERS 2004","Marc Block","John Baker","David Benson",
"5056","9/26/2021 12:00:00 AM","1/1/1900 2:00:00 PM","9/26/2021 3:20:00 PM","Normal","EPAA - WEIMANN FIELD","","Soccer","U-15","EDGEWATER PARK PHOENIX 2007","RANCOCAS VALLEY SC 2007 BOYS 8TH GRADE","John Baker","Marc Block","David Benson",
"5112","9/26/2021 12:00:00 AM","1/1/1900 3:30:00 PM","9/26/2021 4:45:00 PM","Normal","EPAA - WEIMANN FIELD","","Soccer","U-12","EDGEWATER PARK ATHLETIC WIZARDS 2010","BERLIN BRAWLERS 2010","David Benson","Marc Block","John Baker",
"4964","9/26/2021 12:00:00 AM","1/1/1900 3:45:00 PM","9/26/2021 5:15:00 PM","Normal","FRANKLIN TWP YOUTH COMPLEX","","Soccer","U-13","FRANKLIN TWP STRIKERS 2009","WINSLOW TOWNSHIP YSA VIPERS 2009","Walt Harrison","Ella Berger","Quinn Berger",
"4962","9/26/2021 12:00:00 AM","1/1/1900 12:00:00 PM","9/26/2021 1:30:00 PM","Normal","GATEWAY UTD. - LANGSTON FIELD","","Soccer","U-14","GATEWAY UNITED SC HURRICANES 2008","HARRISON SC STRIKERS 2008","Gary Egizi",
"5068","9/26/2021 12:00:00 AM","1/1/1900 2:00:00 PM","9/26/2021 2:45:00 PM","Normal","GATEWAY UTD. - LANGSTON FIELD","","Soccer","U-11","GATEWAY UNITED WILDCATS 2011","PITMAN SA PUMAS 2011","Gary Egizi",
"5039","9/26/2021 12:00:00 AM","1/1/1900 1:30:00 PM","9/26/2021 2:45:00 PM","Normal","GATEWAY UTD. - WOODBURY HGTS-HELEN AVE","","Soccer","U-8","GATEWAY UNITED SC BOYS 2014","HADDONFIELD SC REBELS 2014",
"5079","9/26/2021 12:00:00 AM","1/1/1900 3:00:00 PM","9/26/2021 4:15:00 PM","Normal","GATEWAY UTD. - WOODBURY HGTS-HELEN AVE","","Soccer","U-9","GATEWAY UNITED SHARKS 2013","TBAA REVOLUTION 2013","Gary Egizi",
"5000","9/26/2021 12:00:00 AM","1/1/1900 1:30:00 PM","9/26/2021 2:45:00 PM","Normal","GCU - NEHAUNSEY MS","","Soccer","U-8","GCU U8 2014","SENECA UNITED SC THUNDER 2014","Francis Hine",
"5108","9/26/2021 12:00:00 AM","1/1/1900 3:00:00 PM","9/26/2021 4:15:00 PM","Normal","GCU - NEHAUNSEY MS","","Soccer","U-9","GCU U9 2013","EGSA PANTHERS 2013","Francis Hine",
"4903","9/26/2021 12:00:00 AM","1/1/1900 12:00:00 PM","9/26/2021 1:15:00 PM","Normal","GCU - NEHAUNSEY MS","","Soccer","U-11","GCU U11 2011","HADDON TWP WHITE HAWKS 2011","Francis Hine",
"4905","9/26/2021 12:00:00 AM","1/1/1900 12:00:00 PM","9/26/2021 1:15:00 PM","Normal","HADD HGTS - DEVON","","Soccer","U-11","HADDON HEIGHTS SC 2011 STORM","CHERRY HILL FC JUNIORS BLACK 2011",
"4998","9/26/2021 12:00:00 AM","1/1/1900 1:30:00 PM","9/26/2021 2:45:00 PM","Normal","HADD HGTS - DEVON","","Soccer","U-10","HADDON HEIGHTS SC THUNDER 2012","WASHINGTON TOWNSHIP SC PREDATORS 2012",
"4899","9/26/2021 12:00:00 AM","1/1/1900 12:00:00 PM","9/26/2021 1:15:00 PM","Normal","HADDON TWP - CRYSTAL LAKE","","Soccer","U-8","HADDON TWP WHITE HAWKS 2014","PITMAN SA BENGALS 2014","Luke Chatten - 16",
"4996","9/26/2021 12:00:00 AM","1/1/1900 1:30:00 PM","9/26/2021 2:45:00 PM","Normal","HADDON TWP - CRYSTAL LAKE","","Soccer","U-10","HADDON TWP RED HAWKS 2012","CHERRY HILL SC ROYALS 2012","Luke Chatten - 16",
"5098","9/26/2021 12:00:00 AM","1/1/1900 3:00:00 PM","9/26/2021 4:15:00 PM","Normal","HADDON TWP - CRYSTAL LAKE","","Soccer","U-10","HADDON TWP GREY HAWKS 2012","BARRINGTON SC REVOLUTION 2012","Luke Chatten - 16",
"5132","9/26/2021 12:00:00 AM","1/1/1900 3:30:00 PM","9/26/2021 5:00:00 PM","Normal","HADDON TWP - RECCHINO FIELDS","","Soccer","U-14","HADDON TWP WHITE HAWKS 2008","TAR-KILL BLUE DRAGONS 2008",
"4959","9/26/2021 12:00:00 AM","1/1/1900 12:00:00 PM","9/26/2021 1:15:00 PM","Normal","HADDON TWP - W COLLINGSWOOD HEIGHTS","","Soccer","U-11","HADDON TWP RED HAWKS 2011","TBAA TITANS 2011","Mike Hochman",
"5028","9/26/2021 12:00:00 AM","1/1/1900 1:30:00 PM","9/26/2021 2:45:00 PM","Normal","HADDON TWP - W COLLINGSWOOD HEIGHTS","","Soccer","U-12","HADDON TWP RED HAWKS 2010","WASHINGTON TOWNSHIP SC RENEGADES 2010","Mike Hochman",
"4911","9/26/2021 12:00:00 AM","1/1/1900 12:00:00 PM","9/26/2021 1:20:00 PM","Normal","HADDONFIELD - CROWS WOODS","","Soccer","U-15","HADDONFIELD SC RED 2007","PENNSVILLE POWER 2007","Jim Dougherty","Jim Maggioncalda","Chase Frieman - 16",
"5046","9/26/2021 12:00:00 AM","1/1/1900 1:30:00 PM","9/26/2021 3:00:00 PM","Normal","HADDONFIELD - CROWS WOODS","","Soccer","U-13","HADDONFIELD SC RED 2009","PITMAN SA LIONS 2009","Jim Maggioncalda","Jim Dougherty","Chase Frieman - 16",
"5091","9/26/2021 12:00:00 AM","1/1/1900 3:00:00 PM","9/26/2021 4:30:00 PM","Normal","HADDONFIELD - CROWS WOODS","","Soccer","U-14","HADDONFIELD SC BLACK 2008","HADDON HEIGHTS SC GUNNERS 2008","Jim Dougherty","Jim Maggioncalda","Chase Frieman - 16",
"5013","9/26/2021 12:00:00 AM","1/1/1900 1:30:00 PM","9/26/2021 2:45:00 PM","Normal","HADDONFIELD - CROWS WOODS","","Soccer","U-9","HADDONFIELD SC QUAKES 2013","MARLTON SC CHIEFS WHITE 2013 (GALLO)","Nathan Bassett - 15",
"5094","9/26/2021 12:00:00 AM","1/1/1900 3:00:00 PM","9/26/2021 4:15:00 PM","Normal","HADDONFIELD - CROWS WOODS","","Soccer","U-10","HADDONFIELD SC RED 2012","RANCOCAS VALLEY SC AVENGERS 2012","Nathan Bassett - 15",
"4892","9/26/2021 12:00:00 AM","1/1/1900 11:00:00 AM","9/26/2021 12:15:00 PM","Normal","HADDONFIELD - CROWS WOODS","","Soccer","U-11","HADDONFIELD SC WHITE 2011","MOUNT LAUREL UNITED WARRIORS 2011","Oliver Aplin -15",
"4981","9/26/2021 12:00:00 AM","1/1/1900 12:30:00 PM","9/26/2021 1:45:00 PM","Normal","HADDONFIELD - CROWS WOODS","","Soccer","U-11","HADDONFIELD SC RED 2011","SWEDESBORO-WOOLWICH SA BLACK MAMBAS 2011","Oliver Aplin -15",
"5061","9/26/2021 12:00:00 AM","1/1/1900 2:00:00 PM","9/26/2021 3:15:00 PM","Normal","HADDONFIELD - CROWS WOODS","","Soccer","U-12","HADDONFIELD SC RED 2010","FRANKLIN TWP SA WOLFPACK 2010","Oliver Aplin -15",
"5116","9/26/2021 12:00:00 AM","1/1/1900 3:30:00 PM","9/26/2021 4:45:00 PM","Normal","HADDONFIELD - CROWS WOODS","","Soccer","U-12","HADDONFIELD SC BLACK 2010","PITMAN SA COUGARS 2010","Oliver Aplin -15",
"4948","9/26/2021 12:00:00 AM","1/1/1900 12:00:00 PM","9/26/2021 1:15:00 PM","Normal","HAMILTON ELITE FC - HICKORY","","Soccer","U-10","HAMILTON ELITE FC PREMIER 2012B","HADDONFIELD SC FIRE 2012","Richard Mandra",
"5041","9/26/2021 12:00:00 AM","1/1/1900 1:30:00 PM","9/26/2021 2:45:00 PM","Normal","HAMILTON ELITE FC - HICKORY","","Soccer","U-8","HAMILTON ELITE FC PREMIER 2014 BOYS","HADDON HEIGHTS SC 2014 MIGHTY TITANS","Richard Mandra",
"5087","9/26/2021 12:00:00 AM","1/1/1900 3:00:00 PM","9/26/2021 4:15:00 PM","Normal","HAMILTON ELITE FC - HICKORY","","Soccer","U-12","HAMILTON ELITE FC PREMIER 2010B","WASHINGTON TOWNSHIP SC REVOLUTION 2010","Richard Mandra",
"4912","9/26/2021 12:00:00 AM","1/1/1900 12:00:00 PM","9/26/2021 1:30:00 PM","Normal","HAMMONTON ECEC Fields","","Soccer","U-13","HAMMONTON YOUTH HEAT 2009","TBAA STORM 2009","Kyle Wilsbach","Jake Fisher","Liam Shurman",
"4935","9/26/2021 12:00:00 AM","1/1/1900 12:00:00 PM","9/26/2021 1:15:00 PM","Normal","HAMMONTON ECEC Fields","","Soccer","U-9","HAMMONTON HEAT BLUE 2013","HADDON TWP RED HAWKS 2013","Steve Gold",
"5011","9/26/2021 12:00:00 AM","1/1/1900 1:30:00 PM","9/26/2021 2:45:00 PM","Normal","HAMMONTON ECEC Fields","","Soccer","U-9","HAMMONTON HEAT SILVER 2013","HADDONFIELD SC FIRE 2013","Steve Gold",
"5027","9/26/2021 12:00:00 AM","1/1/1900 1:30:00 PM","9/26/2021 2:45:00 PM","Normal","HAMMONTON ECEC Fields","","Soccer","U-12","HAMMONTON YOUTH HEAT 2010","WEST DEPTFORD SC HORNETS 2010","Jake Fisher","Kyle Wilsbach","Liam Shurman",
"5078","9/26/2021 12:00:00 AM","1/1/1900 3:00:00 PM","9/26/2021 4:15:00 PM","Normal","HAMMONTON ECEC Fields","","Soccer","U-11","HAMMONTON YOUTH HEAT 2011","WOODSTOWN FURY 2011","Liam Shurman","Kyle Wilsbach","Jake Fisher",
"4922","9/26/2021 12:00:00 AM","1/1/1900 12:00:00 PM","9/26/2021 1:30:00 PM","Normal","HARRISON - William Wilt Soccer Complex","","Soccer","U-13","HARRISON SC HAWKS 2009","NORTHERN BURLINGTON SA BARRAGE","John MAUGER","Jaime Valente","Alexis Santoferraro",
"5018","9/26/2021 12:00:00 AM","1/1/1900 1:30:00 PM","9/26/2021 3:00:00 PM","Normal","HARRISON - William Wilt Soccer Complex","","Soccer","U-14","HARRISON SC SHARKS 2008","PITMAN SA OCELOTS 2008","Jaime Valente","John MAUGER","Alexis Santoferraro",
"4988","9/26/2021 12:00:00 AM","1/1/1900 1:30:00 PM","9/26/2021 2:45:00 PM","Normal","HARRISON - William Wilt Soccer Complex","","Soccer","U-8","HARRISON STORM 2014","HADDONFIELD SC FIRE 2014",
"4951","9/26/2021 12:00:00 AM","1/1/1900 12:00:00 PM","9/26/2021 1:15:00 PM","Normal","HARRISON - William Wilt Soccer Complex","","Soccer","U-11","HARRISON SC TIGERS 2011","Logan Soccer Club  Logan Blaze 2011",
"5070","9/26/2021 12:00:00 AM","1/1/1900 2:00:00 PM","9/26/2021 3:20:00 PM","Normal","HIGHLAND - GLOUCESTER TWP PARK","","Soccer","U-15","HIGHLAND YOUTH SC SEIGE 2007","WOODSTOWN WOLVERINES 2007","Gary Rambo","Robert Katz","Drew Nelson -16",
"5124","9/26/2021 12:00:00 AM","1/1/1900 3:30:00 PM","9/26/2021 5:00:00 PM","Normal","HIGHLAND - GLOUCESTER TWP PARK","","Soccer","U-14","HIGHLAND YOUTH GALAXY 2008","CINNAMINSON SC RAPTORS 2008","Robert Katz","Drew Nelson -16","Gary Rambo",
"4973","9/26/2021 12:00:00 AM","1/1/1900 12:00:00 PM","9/26/2021 1:15:00 PM","Normal","HIGHLAND - GLOUCESTER TWP PARK","","Soccer","U-10","HIGHLAND YOUTH FORCE 2012","HARRISON SC THUNDERBOLTS 2012","Drew Nelson -16",
"4999","9/26/2021 12:00:00 AM","1/1/1900 1:30:00 PM","9/26/2021 2:45:00 PM","Normal","HIGHLAND - GLOUCESTER TWP PARK","","Soccer","U-8","HIGHLAND YOUTH BOYS 2014","PENNSAUKEN YOUTH AVENGERS 2014",
"4941","9/26/2021 12:00:00 AM","1/1/1900 12:00:00 PM","9/26/2021 1:15:00 PM","Normal","Lawrence - Centercourt","","Soccer","U-10","CFC SOUTH - REAL MADRID 2012B","DELRAN FC FLASH 2012","Kevin Krall - 17",
"5119","9/26/2021 12:00:00 AM","1/1/1900 3:30:00 PM","9/26/2021 5:00:00 PM","Normal","LOGAN - TWP LINE","","Soccer","U-14","Logan Soccer Club  Logan Dragons 2008","WINSLOW TOWNSHIP YSA CYCLONES 2008","Dave Reiners","Christopher Anderson - 17",
"4934","9/26/2021 12:00:00 AM","1/1/1900 12:00:00 PM","9/26/2021 1:15:00 PM","Normal","LOGAN - TWP LINE","","Soccer","U-9","Logan Soccer Club  Logan Flash 2013","HADDONFIELD SC REBELS 2013","Michael Natale",
"5084","9/26/2021 12:00:00 AM","1/1/1900 1:30:00 PM","9/26/2021 2:45:00 PM","Normal","LOGAN - TWP LINE","","Soccer","U-8","Logan Soccer Club  Logan Lightning 2014","UPPER TOWNSHIP SA HURRICANES 2014","Michael Natale",
"4930","9/26/2021 12:00:00 AM","1/1/1900 12:00:00 PM","9/26/2021 1:15:00 PM","Normal","MAINLAND - MEMORIAL PARK","","Soccer","U-9","MAINLAND UNITED SA MUSTANGS 2013","VINELAND SA UNITED 2013","Bill Brooks",
"5026","9/26/2021 12:00:00 AM","1/1/1900 1:30:00 PM","9/26/2021 2:45:00 PM","Normal","MAINLAND - MEMORIAL PARK","","Soccer","U-10","MAINLAND UNITED SA STANGS 2012","EGSA FIRE 2012","Frederick Plenn","Angelina Blanchet","OWEN CHEW",
"5038","9/26/2021 12:00:00 AM","1/1/1900 3:00:00 PM","9/26/2021 4:15:00 PM","Normal","MAINLAND - MEMORIAL PARK","","Soccer","U-8","MAINLAND UNITED SA MUSTANGS 2014","Logan Soccer Club  Logan Charge 2014","Angelina Blanchet","Frederick Plenn","OWEN CHEW",
"4936","9/26/2021 12:00:00 AM","1/1/1900 12:00:00 PM","9/26/2021 1:15:00 PM","Normal","MAINLAND - MEMORIAL PARK","","Soccer","U-11","MAINLAND UNITED SA STANGZ 2011","HARRISON SC ARSENAL 2011","Frederick Plenn","Angelina Blanchet","OWEN CHEW",
"5050","9/26/2021 12:00:00 AM","1/1/1900 1:30:00 PM","9/26/2021 2:45:00 PM","Normal","MAINLAND - MEMORIAL PARK","","Soccer","U-10","MAINLAND UNITED SA MUSTANGS 2012","MOORESTOWN SC LIGHTNING 2012","Bill Brooks",
"5107","9/26/2021 12:00:00 AM","1/1/1900 3:00:00 PM","9/26/2021 4:15:00 PM","Normal","MAINLAND - MEMORIAL PARK","","Soccer","U-9","MAINLAND UNITED SA STANGS 2013","MANTUA TOWNSHIP SA WOLVES 2013","Bill Brooks",
"4946","9/26/2021 12:00:00 AM","1/1/1900 12:00:00 PM","9/26/2021 1:15:00 PM","Normal","MANTUA TWP","","Soccer","U-8","MANTUA TOWNSHIP SA 2014","TARKILL CHELSEA 2014","Ryan Giles",
"5025","9/26/2021 12:00:00 AM","1/1/1900 1:30:00 PM","9/26/2021 2:45:00 PM","Normal","MANTUA TWP","","Soccer","U-10","MANTUA TOWNSHIP SA PANTHERS 2012","CINNAMINSON SC SKULLS 2012","Ryan Giles",
"4970","9/26/2021 12:00:00 AM","1/1/1900 12:00:00 PM","9/26/2021 1:20:00 PM","Normal","MAPLE SHADE - TURF FIELD","","Soccer","U-15","MAPLE SHADE SC AVENGERS 2007","WINSLOW TOWNSHIP YSA ENFORCERS 2007","Dennis Hennessy","Julian Dmochowski","Carly Yeager - 16",
"5052","9/26/2021 12:00:00 AM","1/1/1900 1:45:00 PM","9/26/2021 3:15:00 PM","Normal","MAPLE SHADE - TURF FIELD","","Soccer","U-13","MAPLE SHADE SC BLUE FLAMES 2009","ATLANTIC UNITED PREMIER KICKERS 2009 B","Julian Dmochowski","Dennis Hennessy","Carly Yeager - 16",
"4889","9/26/2021 12:00:00 AM","1/1/1900 11:00:00 AM","9/26/2021 12:30:00 PM","Normal","MARLTON - MEMORIAL","","Soccer","U-19","MARLTON SC CHIEFS WHITE 2004","EGSA WOLVES 2004","Matthew Zengulis","Peter Woodcock","Daniel Guinan",
"4987","9/26/2021 12:00:00 AM","1/1/1900 1:00:00 PM","9/26/2021 2:20:00 PM","Normal","MARLTON - MEMORIAL","","Soccer","U-16","MARLTON SC CHIEFS ORANGE 2006 (PERKINS)","GATEWAY UNITED WARRIORS 2006","Peter Woodcock","Daniel Guinan","Matthew Zengulis",
"5075","9/26/2021 12:00:00 AM","1/1/1900 2:45:00 PM","9/26/2021 4:15:00 PM","Normal","MARLTON - MEMORIAL","","Soccer","U-13","MARLTON SC CHIEFS ORANGE 2009","BURLINGTON TWP SC KICKERS 2009","Daniel Guinan","Matthew Zengulis","Peter Woodcock",
"4976","9/26/2021 12:00:00 AM","1/1/1900 12:30:00 PM","9/26/2021 1:45:00 PM","Normal","MARLTON - MEMORIAL","","Soccer","U-10","MARLTON SC CHIEFS WHITE 2012 (WEIKLE)","Logan Soccer Club  Logan Fusion 2012","Jane Gibson",
"5067","9/26/2021 12:00:00 AM","1/1/1900 2:00:00 PM","9/26/2021 3:15:00 PM","Normal","MARLTON - MEMORIAL","","Soccer","U-10","MARLTON CHIEFS ORANGE 2012","TARKILL LIVERPOOL 2012","Jane Gibson",
"5125","9/26/2021 12:00:00 AM","1/1/1900 3:30:00 PM","9/26/2021 4:45:00 PM","Normal","MARLTON - MEMORIAL","","Soccer","U-9","MARLTON SC CHIEFS BLACK 2013 (PLUM)","CHERRY HILL SC FORCE 2013","Jane Gibson",
"4891","9/26/2021 12:00:00 AM","1/1/1900 11:00:00 AM","9/26/2021 1:00:00 PM","Normal","MEDFORD - BENDE PARK","","Soccer","U-17","MEDFORD SC ARSENAL 2005","WASHINGTON TWP SC ARSENAL 2005","Hans Lund","Arynn Jones","David Gagliardi",
"4986","9/26/2021 12:00:00 AM","1/1/1900 1:00:00 PM","9/26/2021 2:30:00 PM","Normal","MEDFORD - BENDE PARK","","Soccer","U-13","MEDFORD SC LIGHTNING 2009","MARLTON SC CHIEFS WHITE 2009","David Gagliardi","Hans Lund","Arynn Jones",
"5120","9/26/2021 12:00:00 AM","1/1/1900 3:30:00 PM","9/26/2021 4:45:00 PM","Normal","MEDFORD - BENDE PARK","","Soccer","U-9","MEDFORD SC COLUMBIA 2013","VOORHEES SA B 2013","Kurt Boardman","Rebecca Yemola -17","Isabella Kwiatkowski - 16",
"4933","9/26/2021 12:00:00 AM","1/1/1900 12:00:00 PM","9/26/2021 1:15:00 PM","Normal","MEDFORD - BENDE PARK","","Soccer","U-12","MEDFORD SC MAD DOGS WHITE 2010","SOUTH HARRISON AVENGERS 2010","Kurt Boardman","Rebecca Yemola -17","Isabella Kwiatkowski - 16",
"5010","9/26/2021 12:00:00 AM","1/1/1900 1:30:00 PM","9/26/2021 2:45:00 PM","Normal","MEDFORD - BENDE PARK","","Soccer","U-11","MEDFORD SC RENEGADES 2011","HADDON HEIGHTS SC SPURS 2011","Kurt Boardman","Rebecca Yemola -17","Isabella Kwiatkowski - 16",
"5105","9/26/2021 12:00:00 AM","1/1/1900 3:00:00 PM","9/26/2021 4:15:00 PM","Normal","MILLVILLE SOCCER COMPLEX","","Soccer","U-12","MILLVILLE VENOM 2010","RANCOCAS VALLEY SC UNION 2010",
"4955","9/26/2021 12:00:00 AM","1/1/1900 12:00:00 PM","9/26/2021 1:20:00 PM","Normal","MLU-TROTTERS","","Soccer","U-15","MOUNT LAUREL UNITED PHANTOMS 2007","DEPTFORD RAGE 2007","Vince Seppanen",
"4992","9/26/2021 12:00:00 AM","1/1/1900 1:30:00 PM","9/26/2021 3:00:00 PM","Normal","MLU-TROTTERS","","Soccer","U-13","MOUNT LAUREL UNITED STRIKERS 2009","RANCOCAS VALLEY SC REBELS 2009","Vince Seppanen",
"4956","9/26/2021 12:00:00 AM","1/1/1900 12:00:00 PM","9/26/2021 1:15:00 PM","Normal","MLU-TROTTERS","","Soccer","U-9","MOUNT LAUREL UNITED COMETS 2013","MARLTON SC CHIEFS ORANGE 2013",
"5016","9/26/2021 12:00:00 AM","1/1/1900 1:30:00 PM","9/26/2021 2:45:00 PM","Normal","MLU-TROTTERS","","Soccer","U-9","MOUNT LAUREL UNITED TIGERS 2013","BURLINGTON TWP SC STRIKERS 2013",
"4945","9/26/2021 12:00:00 AM","1/1/1900 12:00:00 PM","9/26/2021 1:15:00 PM","Normal","MLU-TROTTERS","","Soccer","U-10","MOUNT LAUREL UNITED HAWKS 2012","WASHINGTON UNITED SC 2012","Ciaran Magill",
"5054","9/26/2021 12:00:00 AM","1/1/1900 1:45:00 PM","9/26/2021 3:00:00 PM","Normal","MLU-TROTTERS","","Soccer","U-8","MOUNT LAUREL UNITED LIGHTNING 2014","WASHINGTON TWP SC RED 2014","Ciaran Magill",
"5128","9/26/2021 12:00:00 AM","1/1/1900 3:30:00 PM","9/26/2021 4:45:00 PM","Normal","MLU-TROTTERS","","Soccer","U-8","MOUNT LAUREL UNITED COBRAS 2014","NORTHERN BURLINGTON SA BLUE DEVILS","Ciaran Magill",
"4943","9/26/2021 12:00:00 AM","1/1/1900 12:00:00 PM","9/26/2021 1:15:00 PM","Normal","MLU-TROTTERS","","Soccer","U-12","MOUNT LAUREL UNITED FORCE 2010","NORTHERN BURLINGTON SA BLAST 2010","Keith Mullins",
"4991","9/26/2021 12:00:00 AM","1/1/1900 1:30:00 PM","9/26/2021 2:45:00 PM","Normal","MLU-TROTTERS","","Soccer","U-11","MOUNT LAUREL UNITED FLASH 2011","MOORESTOWN SC BLACK KNIGHTS 2011","Keith Mullins",
"4953","9/26/2021 12:00:00 AM","1/1/1900 12:00:00 PM","9/26/2021 1:30:00 PM","Normal","MONROE TWP - CORKERY LANE","","Soccer","U-13","MONROE TOWNSHIP YS UNITED 2009","EGSA THUNDER 2009","Michael Achuff","Yuri Fokin","Jonathan Foglein",
"5029","9/26/2021 12:00:00 AM","1/1/1900 1:30:00 PM","9/26/2021 2:50:00 PM","Normal","MONROE TWP - CORKERY LANE","","Soccer","U-15","MONROE TOWNSHIP YS UNITED 2007 WHITE","MAINLAND UNITED SA H.S. BOYS UNITED 2007","Jonathan Foglein","Michael Achuff","Yuri Fokin",
"4888","9/26/2021 12:00:00 AM","1/1/1900 11:00:00 AM","9/26/2021 12:30:00 PM","Normal","MOORESTOWN - MEMORIAL FIELDS","","Soccer","U-14","MOORESTOWN SC RAPIDS 2008","MEDFORD STRIKERS THUNDER 2008","Larry Young","Joe DePaulo","Owen String - 16",
"4977","9/26/2021 12:00:00 AM","1/1/1900 12:30:00 PM","9/26/2021 2:00:00 PM","Normal","MOORESTOWN - MEMORIAL FIELDS","","Soccer","U-13","MOORESTOWN SC HOTSPURS 2009","UPPER TOWNSHIP SA AVALANCHE 2009","Joe DePaulo","Owen String - 16","Larry Young",
"5063","9/26/2021 12:00:00 AM","1/1/1900 2:00:00 PM","9/26/2021 3:30:00 PM","Normal","MOORESTOWN - MEMORIAL FIELDS","","Soccer","U-14","MOORESTOWN SC IMPACT 2008","MONROE TOWNSHIP YS MONROE UNITED BLUE 2008","Joe DePaulo","Alyssa Marraffino - 15","Owen String - 16",
"4944","9/26/2021 12:00:00 AM","1/1/1900 12:00:00 PM","9/26/2021 1:15:00 PM","Normal","MOORESTOWN - MEMORIAL FIELDS","","Soccer","U-10","MOORESTOWN SC EXPLOSION 2012","Logan Soccer Club  Logan Force 2012",
"5104","9/26/2021 12:00:00 AM","1/1/1900 3:00:00 PM","9/26/2021 4:15:00 PM","Normal","MOORESTOWN - MEMORIAL FIELDS","","Soccer","U-8","MOORESTOWN SC AVENGERS 2014","CHERRY HILL FC JUNIORS RED 2014",
"5110","9/26/2021 12:00:00 AM","1/1/1900 3:30:00 PM","9/26/2021 4:45:00 PM","Normal","MOORESTOWN - SALEM RD/PRYOR PARK","","Soccer","U-12","MOORESTOWN SC UNITED 2010","Logan Soccer Club  Logan Fury 2010","Joe DePaulo","Alyssa Marraffino - 15","Owen String - 16",
"5113","9/26/2021 12:00:00 AM","1/1/1900 3:30:00 PM","9/26/2021 4:45:00 PM","Normal","OAKLYN - Oaklyn Public School","","Soccer","U-10","OAKLYN SC PATRIOTS 2012","SENECA UNITED SC PRIDE 2012",
"5059","9/26/2021 12:00:00 AM","1/1/1900 2:00:00 PM","9/26/2021 3:15:00 PM","Normal","PAL RIV - Riverton Park","","Soccer","U-9","PAL-RIV SC HURRICANES 2013","HIGHLAND YOUTH FURY 2013",
"4972","9/26/2021 12:00:00 AM","1/1/1900 12:00:00 PM","9/26/2021 1:15:00 PM","Normal","PAL RIV - Riverton Park","","Soccer","U-12","PALMYRA RIVERTON SC REVOLUTION 2010","HIGHLAND YOUTH RAPTORS 2010",
"4990","9/26/2021 12:00:00 AM","1/1/1900 1:30:00 PM","9/26/2021 2:45:00 PM","Normal","PAL RIV - Riverton Park","","Soccer","U-11","PALMYRA RIVERTON SC WARRIORS (RED) 2011","CINNAMINSON SC STORM 2011",
"5083","9/26/2021 12:00:00 AM","1/1/1900 3:00:00 PM","9/26/2021 4:15:00 PM","Normal","PAL RIV - Riverton Park","","Soccer","U-11","PALMYRA RIVERTON SC WARRIORS (BLACK) 2011","RANCOCAS VALLEY SC RED DEVILS 2011",
"4913","9/26/2021 12:00:00 AM","1/1/1900 12:00:00 PM","9/26/2021 1:30:00 PM","Normal","PAL-RIV - LEGION FIELD","","Soccer","U-14","PALMYRA RIVERTON SC PHOENIX 2008","SENECA UNITED SC COYOTES 2008",
"4932","9/26/2021 12:00:00 AM","1/1/1900 12:00:00 PM","9/26/2021 1:30:00 PM","Normal","Pennsauken Community Recreation Facility","","Soccer","U-14","PENNSAUKEN YOUTH FURY 2008","PITTSGROVE SC UNITED 2008","James Robinson","Gene Grant","ken Boody",
"5017","9/26/2021 12:00:00 AM","1/1/1900 1:30:00 PM","9/26/2021 3:00:00 PM","Normal","Pennsauken Community Recreation Facility","","Soccer","U-14","PENNSAUKEN YOUTH WOLF PACK 2008","MOUNT LAUREL UNITED GUNNERS 2008","ken Boody","Gene Grant","James Robinson",
"5099","9/26/2021 12:00:00 AM","1/1/1900 3:00:00 PM","9/26/2021 4:15:00 PM","Normal","Pennsauken Community Recreation Facility","","Soccer","U-9","PENNSAUKEN YOUTH REBELS","PITMAN SA TIGERS 2013","Tom Keane",
"4942","9/26/2021 12:00:00 AM","1/1/1900 12:00:00 PM","9/26/2021 1:15:00 PM","Normal","Pennsauken Community Recreation Facility","","Soccer","U-11","PENNSAUKEN YOUTH WARRIORS 2011","EGG HARBOR SC EAGLES BLACK 2011","Tom Keane",
"5023","9/26/2021 12:00:00 AM","1/1/1900 1:30:00 PM","9/26/2021 2:45:00 PM","Normal","Pennsauken Community Recreation Facility","","Soccer","U-12","PENNSAUKEN YOUTH HURRICANES 2010","MAINLAND UNITED BOYS UNITED 2010","Tom Keane",
"4909","9/26/2021 12:00:00 AM","1/1/1900 12:00:00 PM","9/26/2021 1:15:00 PM","Normal","PENNSVILLE","","Soccer","U-12","PENNSVILLE EAGLES 2010","PENNSAUKEN YOUTH CYCLONES 2010",
"4918","9/26/2021 12:00:00 AM","1/1/1900 12:00:00 PM","9/26/2021 1:30:00 PM","Normal","PG-CP-PED- Carney's Point Rec Center","","Soccer","U-13","PENNS GROVE SC HEAT 2009","PENNSAUKEN YOUTH STORM 2009","Eric Smedberg","Brayden Smedberg - 16","AJ Henry - 17",
"5009","9/26/2021 12:00:00 AM","1/1/1900 1:30:00 PM","9/26/2021 3:00:00 PM","Normal","PG-CP-PED- Carney's Point Rec Center","","Soccer","U-14","PENNS GROVE SC DIABLOS 2008","GCU U14 2008","Eric Smedberg","Brayden Smedberg - 16","AJ Henry - 17",
"5106","9/26/2021 12:00:00 AM","1/1/1900 3:00:00 PM","9/26/2021 4:15:00 PM","Normal","PG-CP-PED- Carney's Point Rec Center","","Soccer","U-9","PENNS GROVE WILD 2013","HADDON TWP WHITE HAWKS 2013","Eric Smedberg","Brayden Smedberg - 16","AJ Henry - 17",
"4898","9/26/2021 12:00:00 AM","1/1/1900 12:00:00 PM","9/26/2021 1:20:00 PM","Normal","PITTSGROVE-GREEN BRANCH","","Soccer","U-15","PITTSGROVE SC JUVENTUS 2007","PENNSAUKEN YOUTH LIGHTNING 2007","Christopher Barts, Sr.","Mike Bischer","Dylan Mills",
"5008","9/26/2021 12:00:00 AM","1/1/1900 1:30:00 PM","9/26/2021 3:00:00 PM","Normal","PITTSGROVE-GREEN BRANCH","","Soccer","U-13","PITTSGROVE SC FORCE 2009","PENNSVILLE DRAGONS 2009","Mike Bischer","Dylan Mills","Christopher Barts, Sr.",
"5058","9/26/2021 12:00:00 AM","1/1/1900 2:00:00 PM","9/26/2021 3:15:00 PM","Normal","PITTSGROVE-GREEN BRANCH","","Soccer","U-9","PITTSGROVE SC RED DEVILS 2013","BORDENTOWN FC VENOM 2013",
"5131","9/26/2021 12:00:00 AM","1/1/1900 3:30:00 PM","9/26/2021 4:45:00 PM","Normal","PITTSGROVE-GREEN BRANCH","","Soccer","U-8","PITTSGROVE SC PHANTOMS 2014","WEST DEPTFORD SC EAGLES 2014",
"4931","9/26/2021 12:00:00 AM","1/1/1900 12:00:00 PM","9/26/2021 1:15:00 PM","Normal","Rancocas Valley-LUMBERTON MUNICIPAL","","Soccer","U-9","RANCOCAS VALLEY SC MESSI 2013","PITTSGROVE DRAGONS 2013","Ginny Greif","Sydney Slotkin - 16","Cameron Giovacchini-16",
"5035","9/26/2021 12:00:00 AM","1/1/1900 1:30:00 PM","9/26/2021 2:45:00 PM","Normal","Rancocas Valley-LUMBERTON MUNICIPAL","","Soccer","U-9","RANCOCAS VALLEY SC 2013 BOYS - NEW","MOORESTOWN SC RAPTORS 2013","Ginny Greif","Sydney Slotkin - 16","Cameron Giovacchini-16",
"5121","9/26/2021 12:00:00 AM","1/1/1900 3:30:00 PM","9/26/2021 5:00:00 PM","Normal","SENECA - STONEY CREEK FIELDS","","Soccer","U-13","SENECA UNITED SC EAGLES 2009","MILLVILLE RAPTORS 2009","Kevin Amey","Richard Lodge",
"4926","9/26/2021 12:00:00 AM","1/1/1900 12:00:00 PM","9/26/2021 1:15:00 PM","Normal","SENECA - STONEY CREEK FIELDS","","Soccer","U-10","SENECA UNITED SC DESTROYERS 2012","NORTHERN BURLINGTON SA RANGERS 2012","Rex Jacobs-14","Dan Paolini",
"5014","9/26/2021 12:00:00 AM","1/1/1900 1:30:00 PM","9/26/2021 2:45:00 PM","Normal","SENECA - STONEY CREEK FIELDS","","Soccer","U-9","SENECA UNITED SC TIGERS 2013","WEST DEPTFORD SC WIZARDS 2013","Rex Jacobs-14","Dan Paolini",
"5066","9/26/2021 12:00:00 AM","1/1/1900 2:00:00 PM","9/26/2021 3:15:00 PM","Normal","SENECA - STONEY CREEK FIELDS","","Soccer","U-12","SENECA UNITED SC SCREAMING EAGLES  2010","MOORESTOWN SC GOLDEN KNIGHTS 2010","Richard Lodge","Kevin Amey",
"5109","9/26/2021 12:00:00 AM","1/1/1900 3:30:00 PM","9/26/2021 4:45:00 PM","Normal","SENECA - STONEY CREEK FIELDS","","Soccer","U-11","SENECA UNITED SC WARRIORS 2011","NORTHERN BURLINGTON SA HOOLIGANS 2011","Dan Paolini","Rex Jacobs-14",
"4925","9/26/2021 12:00:00 AM","1/1/1900 12:00:00 PM","9/26/2021 1:30:00 PM","Normal","SW-Locke Avenue Park","","Soccer","U-13","SWEDESBORO WOOLWICH FORCE 2009","HADDON TWP WHITE HAWKS 2009","Christopher Anderson - 17","Julia Maden - 15","Emily Maden - 16",
"4989","9/26/2021 12:00:00 AM","1/1/1900 1:30:00 PM","9/26/2021 2:45:00 PM","Normal","SW-Locke Avenue Park","","Soccer","U-12","SWSA WOLVERINES 2010","BARRINGTON SC RED BULLS 2010","Christopher Anderson - 17","Julia Maden - 15","Emily Maden - 16",
"4947","9/26/2021 12:00:00 AM","1/1/1900 12:00:00 PM","9/26/2021 1:15:00 PM","Normal","SW-Locke Avenue Park","","Soccer","U-8","SWSA LIGHTNING 2014","VOORHEES SA BTEAM 2014","Gianna Anderson - 16",
"4997","9/26/2021 12:00:00 AM","1/1/1900 1:30:00 PM","9/26/2021 2:45:00 PM","Normal","SW-Locke Avenue Park","","Soccer","U-10","SWEDESBORO-WOOLWICH SA SHARKS 2012","HAMMONTON YOUTH HEAT 2012","Gianna Anderson - 16",
"5080","9/26/2021 12:00:00 AM","1/1/1900 3:00:00 PM","9/26/2021 4:15:00 PM","Normal","SW-Locke Avenue Park","","Soccer","U-9","SWSA CYCLONES 2013","MONROE TWP UNITED 2013","Gianna Anderson - 16",
"4910","9/26/2021 12:00:00 AM","1/1/1900 12:00:00 PM","9/26/2021 1:20:00 PM","Normal","TARKILL-STERLING HS","","Soccer","U-15","TAR-KILL KNIGHTS 2007","PITMAN SA WILDCATS 2007","Ed Walto","George Oyewole","Brandon De La Puente - 15",
"5030","9/26/2021 12:00:00 AM","1/1/1900 1:30:00 PM","9/26/2021 3:00:00 PM","Normal","TARKILL-STERLING HS","","Soccer","U-13","TAR-KILL BLUE DEVILS 2009","MANTUA TOWNSHIP SA COBRAS 2009","George Oyewole","Ed Walto","Brandon De La Puente - 15",
"4923","9/26/2021 12:00:00 AM","1/1/1900 12:00:00 PM","9/26/2021 1:15:00 PM","Normal","TARKILL-STERLING HS","","Soccer","U-12","TAR-KILL TITANS 2010","HADDONFIELD SC WHITE 2010","Keith Kirkpatrick",
"5001","9/26/2021 12:00:00 AM","1/1/1900 1:30:00 PM","9/26/2021 2:45:00 PM","Normal","TARKILL-STERLING HS","","Soccer","U-11","TAR-KILL RAPTORS 2011","PITTSGROVE SC WARRIORS 2012","Keith Kirkpatrick",
"5086","9/26/2021 12:00:00 AM","1/1/1900 3:00:00 PM","9/26/2021 4:15:00 PM","Normal","TARKILL-STERLING HS","","Soccer","U-10","TARKILL 2012 BARCELONA","SOUTH HARRISON SC GUNNERS 2012","Keith Kirkpatrick",
"5036","9/26/2021 12:00:00 AM","1/1/1900 1:30:00 PM","9/26/2021 2:50:00 PM","Normal","TBAA-VALLEY BROOK","","Soccer","U-16","TBAA OUTLAWS 2006","HIGHLAND YOUTH THRASHERS 2006","Kenneth Domeraski","Jessica Castorina - 16","Alexis Castorina - 17",
"5088","9/26/2021 12:00:00 AM","1/1/1900 3:00:00 PM","9/26/2021 5:00:00 PM","Normal","TBAA-VALLEY BROOK","","Soccer","U-17","TBAA RAMPAGE 2005","TBAA COSMOS 2005","Kenneth Domeraski","Jessica Castorina - 16","Alexis Castorina - 17",
"4929","9/26/2021 12:00:00 AM","1/1/1900 12:00:00 PM","9/26/2021 1:15:00 PM","Normal","TBAA-VALLEY BROOK","","Soccer","U-9","TBAA UNION 2013","PALMYRA RIVERTON SC YOUNGBLOODS 2013","Andrew Snyder",
"4914","9/26/2021 12:00:00 AM","1/1/1900 12:00:00 PM","9/26/2021 1:15:00 PM","Normal","UPPER TWP-Amanda's Field Complex","","Soccer","U-10","UPPER TOWNSHIP SA FORCE WHITE 2012","MEDFORD SC NAVY 2012","Matt Custer",
"5051","9/26/2021 12:00:00 AM","1/1/1900 1:30:00 PM","9/26/2021 2:45:00 PM","Normal","UPPER TWP-Amanda's Field Complex","","Soccer","U-10","UPPER TOWNSHIP SA FORCE GREEN 2012","MONROE TOWNSHIP YS UNITED 2012","Matt Custer",
"4966","9/26/2021 12:00:00 AM","1/1/1900 12:00:00 PM","9/26/2021 1:15:00 PM","Normal","UPPER TWP-Amanda's Field Complex","","Soccer","U-12","UPPER TOWNSHIP SA RIPTIDE 2010","TBAA DYNAMO 2010","RICHARD PAPPERMAN",
"5003","9/26/2021 12:00:00 AM","1/1/1900 1:30:00 PM","9/26/2021 2:45:00 PM","Normal","UPPER TWP-Amanda's Field Complex","","Soccer","U-11","UPPER TOWNSHIP SA TSUNAMIS 2011","PITTSGROVE SC WOLVES 2011","RICHARD PAPPERMAN",
"5024","9/26/2021 12:00:00 AM","1/1/1900 1:30:00 PM","9/26/2021 2:45:00 PM","Normal","VINELAND SA","","Soccer","U-10","VINELAND SA JERSEY BOYZ 2012","CHERRY HILL SC BULL DOGS (2012) - BOYS","Joshua Whitaker",
"5089","9/26/2021 12:00:00 AM","1/1/1900 3:00:00 PM","9/26/2021 4:15:00 PM","Normal","VINELAND SA","","Soccer","U-9","VINELAND (VSA) 2013 BLAST","HARRISON WILDCATS 2013","Joshua Whitaker",
"4969","9/26/2021 12:00:00 AM","1/1/1900 12:00:00 PM","9/26/2021 1:15:00 PM","Normal","VINELAND SA","","Soccer","U-12","VINELAND SA OUTLAWS 2010","RANCOCAS VALLEY SC RED DEVILS 2010","Joshua Whitaker",
"4971","9/26/2021 12:00:00 AM","1/1/1900 12:00:00 PM","9/26/2021 1:20:00 PM","Normal","VOORHEES-EASTERN HS","","Soccer","U-15","VOORHEES SA BLACK CATS 2007","TBAA STING 2008","Ezekiel Mfon","Roger Stanley","Colin Kirk - 15",
"5032","9/26/2021 12:00:00 AM","1/1/1900 1:30:00 PM","9/26/2021 3:00:00 PM","Normal","VOORHEES-EASTERN HS","","Soccer","U-13","VOORHEES SA WOLF PACK 2009","NORTHERN BURLINGTON SA BULLDOGS 2009","Roger Stanley","Ezekiel Mfon","Colin Kirk - 15",
"5097","9/26/2021 12:00:00 AM","1/1/1900 3:00:00 PM","9/26/2021 4:30:00 PM","Normal","VOORHEES-EASTERN HS","","Soccer","U-14","VOORHEES SA AVATARS 2008","SWEEDESBORO-WOOLWICH SCORPIONS 2008","Ezekiel Mfon","Roger Stanley","Colin Kirk - 15",
"5111","9/26/2021 12:00:00 AM","1/1/1900 3:30:00 PM","9/26/2021 4:45:00 PM","Normal","VOORHEES-Echelon Complex","","Soccer","U-10","VOORHEES SA STRIKERS 2012","CINNAMINSON SC CHARGE 2012","Eric Shaw",
"4952","9/26/2021 12:00:00 AM","1/1/1900 12:00:00 PM","9/26/2021 1:15:00 PM","Normal","VOORHEES-Echelon Complex","","Soccer","U-11","VOORHEES SA BLUES 2011","MOORESTOWN SC CHAOS 2011","Antonio Catanzariti Sr.","Tanner Gilligan - 14","Juliana Bellina - 14",
"5022","9/26/2021 12:00:00 AM","1/1/1900 1:30:00 PM","9/26/2021 2:45:00 PM","Normal","VOORHEES-Echelon Complex","","Soccer","U-12","VOORHEES SA THUNDER 2010","FRANKLIN TWP SA JUVENTUS 2010","Antonio Catanzariti Sr.","Tanner Gilligan - 14","Juliana Bellina - 14",
"5082","9/26/2021 12:00:00 AM","1/1/1900 3:00:00 PM","9/26/2021 4:15:00 PM","Normal","VOORHEES-Echelon Complex","","Soccer","U-11","VOORHEES SA FURY 2011","TBAA DYNAMO 2011","Antonio Catanzariti Sr.","Tanner Gilligan - 14","Juliana Bellina - 14",
"4901","9/26/2021 12:00:00 AM","1/1/1900 12:00:00 PM","9/26/2021 1:15:00 PM","Normal","VOORHEES-Echelon Complex","","Soccer","U-12","VOORHEES SA WARRIORS 2010","COLLINGSWOOD TRAVEL GALAXY 2010","Eric Shaw",
"4994","9/26/2021 12:00:00 AM","1/1/1900 1:30:00 PM","9/26/2021 2:45:00 PM","Normal","VOORHEES-Echelon Complex","","Soccer","U-11","VOORHEES SA ATTACK 2011","EGSA FURY 2011","Eric Shaw",
"4900","9/26/2021 12:00:00 AM","1/1/1900 12:00:00 PM","9/26/2021 1:20:00 PM","Normal","W DEPTFORD-WD PARK","","Soccer","U-15","WEST DEPTFORD SC PREDATORS 2007","EGG HARBOR SC EAGLES 2007","Samantha Emmi","Andrew Glessner - 15","Emma Glessner - 17",
"5093","9/26/2021 12:00:00 AM","1/1/1900 3:00:00 PM","9/26/2021 4:15:00 PM","Normal","W DEPTFORD-WD PARK","","Soccer","U-10","WEST DEPTFORD SC UNION 2012","EGG HARBOR SC EAGLES BLACK 2012","Samantha Emmi","Andrew Glessner - 15","Emma Glessner - 17",
"5048","9/26/2021 12:00:00 AM","1/1/1900 1:30:00 PM","9/26/2021 2:45:00 PM","Normal","W DEPTFORD-WD PARK","","Soccer","U-11","WEST DEPTFORD SC WOLFPACK 2011","HADDONFIELD SC BLACK 2011","Samantha Emmi","Andrew Glessner - 15","Emma Glessner - 17",
"4907","9/26/2021 12:00:00 AM","1/1/1900 12:00:00 PM","9/26/2021 1:15:00 PM","Normal","WASHINGTON TWP- H.S.","","Soccer","U-10","WASHINGTON TOWNSHIP SC REBELS 2012","MEDFORD SC DESTROYERS 2012","Breanna Kozej - 17",
"5040","9/26/2021 12:00:00 AM","1/1/1900 1:30:00 PM","9/26/2021 2:45:00 PM","Normal","WASHINGTON TWP- H.S.","","Soccer","U-8","WASHINGTON TWP SC BLUE 2014","RANCOCAS VALLEY SC 2014 BOYS NEW","Breanna Kozej - 17",
"4938","9/26/2021 12:00:00 AM","1/1/1900 12:00:00 PM","9/26/2021 1:20:00 PM","Normal","WASHINGTON TWP-WASH LAKE PARK","","Soccer","U-15","WASHINGTON TOWNSHIP SC SPARTANS 2007","UPPER TOWNSHIP SA DERECHOS 2007","Bob Ashworth","Joe Forster","Aidan Wolf - 17",
"5019","9/26/2021 12:00:00 AM","1/1/1900 1:30:00 PM","9/26/2021 3:00:00 PM","Normal","WASHINGTON TWP-WASH LAKE PARK","","Soccer","U-14","WASHINGTON TOWNSHIP SC BULLDOGS 2008","RUNNEMEDE YAA RAPTORS 2008","Joe Forster","Bob Ashworth","Aidan Wolf - 17",
"5090","9/26/2021 12:00:00 AM","1/1/1900 3:00:00 PM","9/26/2021 4:30:00 PM","Normal","WASHINGTON TWP-WASH LAKE PARK","","Soccer","U-14","WASHINGTON TWP SC MINUTEMEN 2008","WEST DEPTFORD SC CHARGERS 2008","Bob Ashworth","Joe Forster","Aidan Wolf - 17",
"4902","9/26/2021 12:00:00 AM","1/1/1900 12:00:00 PM","9/26/2021 1:15:00 PM","Normal","WASHINGTON TWP-WASH LAKE PARK","","Soccer","U-11","WASHINGTON TOWNSHIP SC LIGHTNING 2011","HIGHLAND YOUTH TORNADOES 2011","Matt Kozej",
"4937","9/26/2021 12:00:00 AM","1/1/1900 12:00:00 PM","9/26/2021 1:15:00 PM","Normal","WATERFORD-WATERFORD SPORTS COMPLEX","","Soccer","U-11","WATERFORD ATHLETIC ASSN WINGS 2011","VINELAND SA STRIKERS 2011","Nicholas Maslin",
"5049","9/26/2021 12:00:00 AM","1/1/1900 1:30:00 PM","9/26/2021 2:45:00 PM","Normal","WATERFORD-WATERFORD SPORTS COMPLEX","","Soccer","U-10","WATERFORD ATHLETIC ASSN WINGS 2012","HADDONFIELD SC WHITE 2012","Nicholas Maslin",
"4950","9/26/2021 12:00:00 AM","1/1/1900 12:00:00 PM","9/26/2021 1:30:00 PM","Normal","WINSLOW TWP - PETER VOLPA","","Soccer","U-19","WINSLOW TOWNSHIP YSA WARRIORS 2003","HAMMONTON HEAT 2004","Sean Hoffmann","Ed Morris","James Falcone",
"5065","9/26/2021 12:00:00 AM","1/1/1900 2:00:00 PM","9/26/2021 3:20:00 PM","Normal","WINSLOW TWP - PETER VOLPA","","Soccer","U-15","WINSLOW TOWNSHIP YSA PANTHERS 2007","NORTHERN BURLINGTON SA BLUE LEGENDS 2007","Ed Morris","Sean Hoffmann","James Falcone",
"5123","9/26/2021 12:00:00 AM","1/1/1900 3:30:00 PM","9/26/2021 4:50:00 PM","Normal","WINSLOW TWP - PETER VOLPA","","Soccer","U-16","WINSLOW TOWNSHIP YSA WOLVES 2006","PENNS GROVE SC STORM 2006","James Falcone","Ed Morris","Sean Hoffmann",
"5007","9/26/2021 12:00:00 AM","1/1/1900 1:30:00 PM","9/26/2021 2:45:00 PM","Normal","WINSLOW TWP - PETER VOLPA","","Soccer","U-10","WINSLOW TOWNSHIP YSA DYNAMO 2012","PITTSGROVE SC SPURS 2012","Matt Kozej",
"5103","9/26/2021 12:00:00 AM","1/1/1900 3:00:00 PM","9/26/2021 4:15:00 PM","Normal","WINSLOW TWP - PETER VOLPA","","Soccer","U-9","WINSLOW SHARKS 2013","PITMAN SA TOMCATS 2013","Matt Kozej",
"5047","9/26/2021 12:00:00 AM","1/1/1900 1:30:00 PM","9/26/2021 2:45:00 PM","Normal","WOODBURY","","Soccer","U-9","WOODBURY PINES 2013","WEST DEPTFORD SC NIGHTHAWKS 2013","Danny Varela - 16",
"4940","9/26/2021 12:00:00 AM","1/1/1900 12:00:00 PM","9/26/2021 1:15:00 PM","Normal","WOODBURY","","Soccer","U-11","WOODBURY ARMORY 2011","WASHINGTON TWP SC REGULATORS 2011","Danny Varela - 16",
"5133","9/26/2021 12:00:00 AM","1/1/1900 3:30:00 PM","9/26/2021 4:45:00 PM","Normal","WOODSTOWN","","Soccer","U-10","WOODSTOWN THUNDER 2012","VOORHEES SA FORCE 2012",
