TeamID,TeamName,SportName,LevelName,Strength,TravelLimit,Site,SubSite,BillTo,HighSchool
2865,ATLANTIC UNITED SC PREMIER 2010 ,Soccer,U-13,5,999,ATLANTIC - TARTAGLIO,F1,Not Set,Not Set
2756,ATLANTIC UNITED SC PREMIER KICKERS 2008,Soccer,U-15,5,999,ATLANTIC - TARTAGLIO,F1,Not Set,Not Set
3004,ATLANTIC UNITED SC PREMIER KICKERS B 2011 ,Soccer,U-12,5,999,ATLANTIC - TARTAGLIO,S9,Not Set,Not Set
2878,ATLANTIC UNITED SC PREMIER KICKERS B BLUE 2013,Soccer,U-10,5,999,ATLANTIC - TARTAGLIO,S7,Not Set,Not Set
2914,ATLANTIC UNITED SC PREMIER KICKERS B WHITE 2013 ,Soccer,U-10,5,999,Not Set,Not Set,Not Set,Not Set
2382,ATLANTIC UNITED SOCCER CLUB ATLANTIC UNITED PREMIE,Soccer,U-10,5,999,Not Set,Not Set,Not Set,Not Listed
2514,ATLANTIC UNITED SOCCER CLUB ATLANTIC UNITED PREMIE,Soccer,U-12,5,999,Not Set,Not Set,Not Set,Not Listed
1833,ATLANTIC UNITED SOCCER CLUB ATLANTIC UNITED PREMIE,Soccer,U-13,5,999,Not Set,Not Set,Not Set,Not Listed
3337,ATLANTIC UNITED SOCCER CLUB ATLANTIC UNITED PREMIE,Soccer,U-16,5,999,Not Set,Not Set,Not Set,Not Listed
1981,ATLANTIC UNITED SOCCER CLUB ATLANTIC UNITED PREMIE,Soccer,U-9,5,999,Not Set,Not Set,Not Set,Not Listed
2925,AUDUBON SOCCER YOUTH ASSOCIATION ASTROS 2011,Soccer,U-12,5,999,Not Set,Not Set,Not Set,Not Set
3193,AUDUBON SOCCER YOUTH ASSOCIATION AUDUBON 2012 BOYS,Soccer,U-11,5,999,AUDUBON - GREEN WAVE PARK,S7,Not Set,Not Set
3195,AUDUBON SOCCER YOUTH ASSOCIATION AUDUBON ATTACK - ,Soccer,U-9,5,999,AUDUBON PARK FIELD,S1,Not Set,Not Listed
2248,AUDUBON SOCCER YOUTH ASSOCIATION AUDUBON SOCCER YO,Soccer,U-10,5,999,AUDUBON PARK FIELD,S1,Not Set,Not Listed
2702,AUDUBON SOCCER YOUTH ASSOCIATION AUDUBON SOCCER YO,Soccer,U-13,5,999,BARRINGTON - WOODLAND SCHOOL,F1,Not Set,Not Listed
2464,AUDUBON SOCCER YOUTH ASSOCIATION AUDUBON SOCCER YO,Soccer,U-8,5,999,Not Set,Not Set,Not Set,Not Listed
2814,AUDUBON SOCCER YOUTH ASSOCIATION AVENGERS 2013,Soccer,U-10,5,999,AUDUBON - GREEN WAVE PARK,S7,Not Set,Not Set
2818,AUDUBON SOCCER YOUTH ASSOCIATION BALLERS 2012,Soccer,U-11,5,999,AUDUBON - GREEN WAVE PARK,S7,Not Set,Not Set
3067,AUDUBON SOCCER YOUTH ASSOCIATION BOYS 2014,Soccer,U-9,5,999,AUDUBON - GREEN WAVE PARK,S7,Not Set,Not Set
2954,AUDUBON SOCCER YOUTH ASSOCIATION BOYS 2015,Soccer,U-8,5,999,AUDUBON - GREEN WAVE PARK,S7,Not Set,Not Set
2717,AUDUBON SOCCER YOUTH ASSOCIATION UNITED 2010,Soccer,U-13,5,999,AUDUBON - GREEN WAVE PARK,F1,Not Set,Not Set
2755,AUDUBON SOCCER YOUTH ASSOCIATION WILD WINGS 2013,Soccer,U-10,5,999,Not Set,Not Set,Not Set,Not Set
3430,BARRINGTON SC  REVOLUTION 2013,Soccer,U-10,5,999,Not Set,Not Set,Not Set,Not Set
2781,BARRINGTON SC RED BULLS 2011,Soccer,U-12,5,999,BARRINGTON - DERRE,S1,Not Set,Not Set
2910,BARRINGTON SC REVOLUTION 2013,Soccer,U-10,5,999,BARRINGTON - DERRE,S1,Not Set,Not Set
3108,BERLIN BLITZ EDP/G,Soccer,U-15,5,999,BERLIN SC - FRANKLIN FIELDS,F1,Not Set,Not Set
2848,BERLIN SOCCER CLUB BALL BREAKERS 2012,Soccer,U-11,5,999,BERLIN SC - FRANKLIN FIELDS,S9,Not Set,Not Set
2704,BERLIN SOCCER CLUB BERSERKERS 2015,Soccer,U-8,5,999,BERLIN SC - FRANKLIN FIELDS,S7,Not Set,Not Set
2743,BERLIN SOCCER CLUB BRAWLERS 2010,Soccer,U-13,5,999,BERLIN SC - FRANKLIN FIELDS,F1,Not Set,Not Set
2963,BERLIN SOCCER CLUB BULLDOGS 2013,Soccer,U-10,5,999,BERLIN SC - FRANKLIN FIELDS,S7,Not Set,Not Set
3213,BORDENTOWN FC  2005,Soccer,U-19,5,999,Not Set,Not Set,Not Set,Not Set
3372,BORDENTOWN FC  JAGUARS 2011,Soccer,U-12,5,999,BORDENTOWN - FRIENDSHIP FIELDS,S9,Not Set,Not Set
3413,BORDENTOWN FC  JAGUARS 2012,Soccer,U-11,5,999,BORDENTOWN - FRIENDSHIP FIELDS,S9,Not Set,Not Set
3449,BORDENTOWN FC  PANTHERS 2010,Soccer,U-13,5,999,BORDENTOWN - FRIENDSHIP FIELDS,F1,Not Set,Not Set
3344,BORDENTOWN FC  RAPTORS 2007,Soccer,U-16,5,999,Not Set,Not Set,Not Set,Not Set
3312,BORDENTOWN FC  RENEGADES 2011,Soccer,U-12,5,999,BORDENTOWN - FRIENDSHIP FIELDS,S9,Not Set,Not Set
3259,BORDENTOWN FC  UNION 2014,Soccer,U-9,5,999,BORDENTOWN - FRIENDSHIP FIELDS,S7,Not Set,Not Set
2374,BORDENTOWN FC JAGUARS 2011,Soccer,U-12,5,999,BORDENTOWN - FRIENDSHIP FIELDS,S9,Not Set,Not Listed
3031,BORDENTOWN FC JAGUARS 2012,Soccer,U-11,5,999,BORDENTOWN - FRIENDSHIP FIELDS,S9,Not Set,Not Set
2205,BORDENTOWN FC PANTHERS 2010,Soccer,U-13,5,999,BORDENTOWN - FRIENDSHIP FIELDS,F1,Not Set,Not Listed
2482,BORDENTOWN FC RAPTORS 2007,Soccer,U-16,5,999,BORDENTOWN - FRIENDSHIP FIELDS,F1,Not Set,Not Listed
2278,BORDENTOWN FC RENEGADES 2011,Soccer,U-12,5,999,BORDENTOWN - FRIENDSHIP FIELDS,S9,Not Set,Not Listed
2783,BORDENTOWN FC UNION 2014,Soccer,U-9,5,999,BORDENTOWN - FRIENDSHIP FIELDS,S7,Not Set,Not Set
2415,BORDENTOWN FC VENOM 2013,Soccer,U-10,5,999,BORDENTOWN - FRIENDSHIP FIELDS,S7,Not Set,Not Listed
3125,BRICK HURRICANES EDP/G,Soccer,U-15,5,999,Not Set,Not Set,Not Set,Not Set
3149,Burlco Cty Soccer Academy EDP/B,Soccer,U-15,5,999,Not Set,Not Set,Not Set,Not Set
3243,BURLINGTON COUNTY SOCCER ACADEMY DEL-SIDE SC 2010B,Soccer,U-13,5,999,BURLINGTON COUNTY SA - Delanco Field of Dreams,BURLINGTON COUNTY SA - Delanco Field of Dreams,Not Set,Not Set
3236,BURLINGTON COUNTY SOCCER ACADEMY DEL-SIDE SC 2012B,Soccer,U-11,5,999,BURLINGTON COUNTY SA - Delanco Field of Dreams,BURLINGTON COUNTY SA - Delanco Field of Dreams,Not Set,Not Set
3221,BURLINGTON COUNTY SOCCER ACADEMY DEL-SIDE SC 2013B,Soccer,U-10,5,999,Not Set,Not Set,Not Set,Not Set
3204,BURLINGTON COUNTY SOCCER ACADEMY DEL-SIDE SC 2014B,Soccer,U-9,5,999,BURLINGTON COUNTY SA - Delanco Field of Dreams,BURLINGTON COUNTY SA - Delanco Field of Dreams,Not Set,Not Set
2736,BURLINGTON COUNTY SOCCER ACADEMYDEL-SIDE SC B 2010,Soccer,U-13,5,999,Not Set,Not Set,Not Set,Not Set
3070,BURLINGTON COUNTY SOCCER ACADEMYDEL-SIDE SC B 2012,Soccer,U-11,5,999,Not Set,Not Set,Not Set,Not Set
2911,BURLINGTON COUNTY SOCCER ACADEMYDEL-SIDE SC B 2013,Soccer,U-10,5,999,Not Set,Not Set,Not Set,Not Set
2829,BURLINGTON COUNTY SOCCER ACADEMYDEL-SIDE SC B 2014,Soccer,U-9,5,999,Not Set,Not Set,Not Set,Not Set
3228,BURLINGTON TOWNSHIP SOCCER BULLS 2008,Soccer,U-15,5,999,BURLINGTON TWP - PINEWALD AVE,F1,Not Set,Not Set
2962,BURLINGTON TOWNSHIP SOCCER CELTIC 2010,Soccer,U-13,5,999,BURLINGTON TWP - PINEWALD AVE,F1,Not Set,Not Set
2799,BURLINGTON TOWNSHIP SOCCER DRAGONS 2012,Soccer,U-11,5,999,BURLINGTON TWP - PINEWALD AVE,S9,Not Set,Not Set
2984,BURLINGTON TOWNSHIP SOCCER DYNAMITE 2014,Soccer,U-9,5,999,BURLINGTON TWP - PINEWALD AVE,S7,Not Set,Not Set
3016,BURLINGTON TOWNSHIP SOCCER KICKER 2009,Soccer,U-14,5,999,Not Set,Not Set,Not Set,Not Set
3275,BURLINGTON TOWNSHIP SOCCER KICKERS 2009,Soccer,U-14,5,999,Not Set,Not Set,Not Set,Not Set
3032,BURLINGTON TOWNSHIP SOCCER KNIGHTHAWKS 2012,Soccer,U-11,5,999,Not Set,Not Set,Not Set,Not Set
2895,BURLINGTON TOWNSHIP SOCCER REBELS 2011,Soccer,U-12,5,999,BURLINGTON TWP - PINEWALD AVE,S9,Not Set,Not Set
2793,BURLINGTON TOWNSHIP SOCCER SC BULLS 2008,Soccer,U-15,5,999,BURLINGTON TWP - PINEWALD AVE,F1,Not Set,Not Set
3030,BURLINGTON TOWNSHIP SOCCER STRIKERS 2013,Soccer,U-10,5,999,Not Set,Not Set,Not Set,Not Set
2823,BURLINGTON TOWNSHIP SOCCER THUNDER 2015,Soccer,U-8,5,999,Not Set,Not Set,Not Set,Not Set
3223,BURLINGTON TOWNSHIP SOCCER THUNDER2015,Soccer,U-8,5,999,BURLINGTON TWP - PINEWALD AVE,S7,Not Set,Not Set
2714,CAPE EXPRESS AVENGERS 2013,Soccer,U-10,5,999,CAPE EX SOCCER COMPLEX At Ockie Wisting,S7,Not Set,Not Set
2876,CAPE EXPRESS BLUE CRUSH 2010 ,Soccer,U-13,5,999,CAPE EX SOCCER COMPLEX At Ockie Wisting,F1,Not Set,Not Set
3226,CAPE EXPRESS CE 2010 BLUE CRUSH,Soccer,U-13,5,999,Not Set,Not Set,Not Set,Not Set
3391,CAPE EXPRESS CE 2014 UNION,Soccer,U-9,5,999,Not Set,Not Set,Not Set,Not Set
3364,CAPE EXPRESS CE ENGINEERS 2014,Soccer,U-9,5,999,CAPE EX SOCCER COMPLEX At Ockie Wisting,S7,Not Set,Not Set
3393,CAPE EXPRESS CE SILVER STREAK 2015,Soccer,U-8,5,999,Not Set,Not Set,Not Set,Not Set
2909,CAPE EXPRESS ENGINEERS 2014,Soccer,U-9,5,999,Not Set,Not Set,Not Set,Not Set
2766,CAPE EXPRESS SILVER STREAK 2015,Soccer,U-8,5,999,CAPE EX SOCCER COMPLEX At Ockie Wisting,S7,Not Set,Not Set
3064,CAPE EXPRESS WHITE CAPS 2012,Soccer,U-11,5,999,CAPE EX SOCCER COMPLEX At Ockie Wisting,S9,Not Set,Not Set
3098,CEDAR STARS EDP/G,Soccer,U-12,5,999,Not Set,Not Set,Not Set,Not Set
3191,CEDAR STARS EDP/G,Soccer,U-13,5,999,Not Set,Not Set,Not Set,Not Set
3136,CEDAR STARS NJYS CHALLENGE CUP/G,Soccer,U-14,5,999,Not Set,Not Set,Not Set,Not Set
3121,CENTRAL JERSEY FUTBOL EDP/G,Soccer,U-14,5,999,Not Set,Not Set,Not Set,Not Set
3298,CHERRY HILL FC  DRAGONS 2009,Soccer,U-14,5,999,CHFC - DeCOU,F2- Lower Turf/D6,Not Set,Not Set
3065,CHERRY HILL FC  JUNIOR BLACK 2015 ,Soccer,U-8,5,999,CHFC - DeCOU,S7 - Grass 7v7/D6,Not Set,Not Set
3307,CHERRY HILL FC 2006 RAPTORS,Soccer,U-19,5,999,CHFC - DeCOU,F2- Lower Turf/D6,Not Set,Not Set
3292,CHERRY HILL FC 2010 CHFC CRUSH,Soccer,U-13,5,999,CHFC - DeCOU,F2- Lower Turf/D6,Not Set,Not Set
3286,CHERRY HILL FC 2011 AVENGERS,Soccer,U-12,5,999,CHFC - DeCOU,F2- Lower Turf/D6,Not Set,Not Set
3288,CHERRY HILL FC 2011 JUNIORS BLACK,Soccer,U-12,5,999,CHFC - DeCOU,F2- Lower Turf/D6,Not Set,Not Set
3283,CHERRY HILL FC 2012 JUNIORS BLACK,Soccer,U-11,5,999,CHFC - DeCOU,F2- Lower Turf/D6,Not Set,Not Set
3272,CHERRY HILL FC 2013 JUNIORS BLACK - RED HAWKS,Soccer,U-10,5,999,CHFC - DeCOU,S7 - Grass 7v7/D6,Not Set,Not Set
3277,CHERRY HILL FC 2013 JUNIORS RED,Soccer,U-10,5,999,CHFC - DeCOU,S7 - Grass 7v7/D6,Not Set,Not Set
3261,CHERRY HILL FC 2014 JUNIOR BLACK,Soccer,U-9,5,999,CHFC - DeCOU,S7 - Grass 7v7/D6,Not Set,Not Set
3263,CHERRY HILL FC 2014 RED - HAWKS,Soccer,U-9,5,999,CHFC - DeCOU,S7 - Grass 7v7/D6,Not Set,Not Set
3245,CHERRY HILL FC 2015 JUNIOR BLACK,Soccer,U-8,5,999,CHFC - DeCOU,S7 - Grass 7v7/D6,Not Set,Not Set
3232,CHERRY HILL FC 2015 JUNIOR RED,Soccer,U-8,5,999,Not Set,Not Set,Not Set,Not Set
2769,CHERRY HILL FC CRUSH 2010,Soccer,U-13,5,999,CHFC - DeCOU,F1- Upper Turf/D7,Not Set,Not Set
2625,CHERRY HILL FC DRAGONS 2009,Soccer,U-14,5,999,CHFC - DeCOU,F1- Upper Turf/D7,Not Set,Not Listed
2920,CHERRY HILL FC JUNIOR RED 2015 ,Soccer,U-8,5,999,Not Set,Not Set,Not Set,Not Set
2977,CHERRY HILL FC JUNIORS BLACK 2011 ,Soccer,U-12,5,999,CHFC - DeCOU,F2- Lower Turf/D6,Not Set,Not Set
2338,CHERRY HILL FC JUNIORS BLACK 2012,Soccer,U-11,5,999,Not Set,Not Set,Not Set,Not Listed
2912,CHERRY HILL FC JUNIORS BLACK 2013 ,Soccer,U-10,5,999,CHFC - DeCOU,S7 - Grass 7v7/D6,Not Set,Not Set
3010,CHERRY HILL FC JUNIORS BLACK 2014,Soccer,U-9,5,999,Not Set,Not Set,Not Set,Not Set
2640,CHERRY HILL FC JUNIORS RED 2011,Soccer,U-12,5,999,CHFC - DeCOU,F2- Lower Turf/D6,Not Set,Not Listed
2586,CHERRY HILL FC JUNIORS RED 2013,Soccer,U-10,5,999,CHFC - DeCOU,S7 - Grass 7v7/D6,Not Set,Not Listed
2831,CHERRY HILL FC RED HAWKS 2014,Soccer,U-9,5,999,CHFC - DeCOU,S7 - Grass 7v7/D6,Not Set,Not Set
3380,CHERRY HILL SC  AMBUSH 2011,Soccer,U-12,5,999,CHSC - UPPER CHAPEL TURF,S9,Not Set,Not Set
3295,CHERRY HILL SC  BLUE ARMY 2012,Soccer,U-11,5,999,CHSC - UPPER CHAPEL TURF,S9,Not Set,Not Set
3345,CHERRY HILL SC  FORCE 2009,Soccer,U-14,5,999,CHSC - CH WEST HS,F1,Not Set,Not Set
3450,CHERRY HILL SC  MAVERICKS 2013,Soccer,U-11,5,999,Not Set,Not Set,Not Set,Not Set
3233,CHERRY HILL SC  ROYALS 2012,Soccer,U-11,5,999,CHSC - UPPER CHAPEL TURF,S9,Not Set,Not Set
3504,CHERRY HILL SC  STORM 2011,Soccer,U-13,5,999,Not Set,Not Set,Not Set,Not Set
3300,CHERRY HILL SC  THUNDER 2013,Soccer,U-10,5,999,CHSC - UPPER CHAPEL TURF,S7,Not Set,Not Set
3324,CHERRY HILL SC  THUNDERBOLTS 2010,Soccer,U-13,5,999,Not Set,Not Set,Not Set,Not Set
2349,CHERRY HILL SC AMBUSH 2011,Soccer,U-12,5,999,CHSC - UPPER CHAPEL TURF,S9,Not Set,Not Listed
1989,CHERRY HILL SC BLUE ARMY 2012,Soccer,U-11,5,999,CHSC - UPPER CHAPEL TURF,S9,Not Set,Not Listed
3027,CHERRY HILL SC BULL DOGS 2012,Soccer,U-11,5,999,CHSC - UPPER CHAPEL TURF,S9,Not Set,Not Set
2540,CHERRY HILL SC CHERRY HILL SC BULL DOGS 2012,Soccer,U-11,5,999,Not Set,Not Set,Not Set,Not Listed
3321,CHERRY HILL SC CHERRY HILL SC FORCE 2013,Soccer,U-10,5,999,Not Set,Not Set,Not Set,Not Set
3253,CHERRY HILL SC CHERRY HILL SC FORCE 2014,Soccer,U-9,5,999,CHSC - UPPER CHAPEL TURF,S7,Not Set,Not Set
2578,CHERRY HILL SC CHERRY HILL SC UNION 2015,Soccer,U-8,5,999,CHSC - UPPER CHAPEL TURF,S7,Not Set,Not Listed
2355,CHERRY HILL SC CHERRY HILL SC UNITED 2014,Soccer,U-9,5,999,CHSC - UPPER CHAPEL TURF,S7,Not Set,Not Listed
2197,CHERRY HILL SC CHERRY HILL SC WARRIORS 2015,Soccer,U-8,5,999,Not Set,Not Set,Not Set,Not Listed
2357,CHERRY HILL SC FORCE 2009,Soccer,U-14,5,999,CHSC - CH WEST HS,F1,Not Set,Not Listed
2340,CHERRY HILL SC FORCE 2013,Soccer,U-10,5,999,Not Set,Not Set,Not Set,Not Listed
2472,CHERRY HILL SC FORCE 2014,Soccer,U-9,5,999,CHSC - UPPER CHAPEL TURF,S7,Not Set,Not Listed
2462,CHERRY HILL SC MAVERICKS 2013,Soccer,U-11,5,999,CHSC - UPPER CHAPEL TURF,S9,Not Set,Not Listed
2658,CHERRY HILL SC ROYALS 2012,Soccer,U-11,5,999,Not Set,Not Set,Not Set,Not Listed
2219,CHERRY HILL SC STORM 2011,Soccer,U-13,5,999,CHSC - CH WEST HS,F1,Not Set,Not Listed
2262,CHERRY HILL SC THUNDER 2013,Soccer,U-10,5,999,CHSC - UPPER CHAPEL TURF,S7,Not Set,Not Listed
2206,CHERRY HILL SC THUNDERBOLTS 2010,Soccer,U-13,5,999,Not Set,Not Set,Not Set,Not Listed
3072,CHERRY HILL SC UNION 2015,Soccer,U-8,5,999,CHSC - UPPER CHAPEL TURF,S7,Not Set,Not Set
2843,CHERRY HILL SC UNITED 2014,Soccer,U-9,5,999,CHSC - UPPER CHAPEL TURF,S7,Not Set,Not Set
2708,CHERRY HILL SC WARRIORS 2015,Soccer,U-8,5,999,CHSC - UPPER CHAPEL TURF,S7,Not Set,Not Set
3170,CHFC ARSENAL EDP/B,Soccer,U-12,5,999,CHFC - DeCOU,F1- Upper Turf/D7,Not Set,Not Set
3173,CHFC ARSENAL EDP/G,Soccer,U-12,5,999,Not Set,Not Set,Not Set,Not Set
3187,CHFC DIABLOS EDP/B,Soccer,U-16,5,999,CHFC - DeCOU,F1- Upper Turf/D7,Not Set,Not Set
3188,CHFC DIABLOS II,Soccer,U-16,5,999,Not Set,Not Set,Not Set,Not Set
3117,CHFC DRAGONS EDP/G,Soccer,U-13,5,999,CHFC - DeCOU,F1- Upper Turf/D7,Not Set,Not Set
3139,CHFC DRAGONS NJYS PRES CUP/G,Soccer,U-13,5,999,CHFC - DeCOU,F1- Upper Turf/D7,Not Set,Not Set
3137,CHFC MAMBAS EDP/G,Soccer,U-11,5,999,CHFC - DeCOU,F1- Upper Turf/D7,Not Set,Not Set
3114,CHFC SURGE EDP/G,Soccer,U-14,5,999,CHFC - DeCOU,F1- Upper Turf/D7,Not Set,Not Set
3106,CHSC FIERCE EDP/G,Soccer,U-13,5,999,CHSC - UPPER CHAPEL TURF,F1,Not Set,Not Set
3168,CHSC IMPACT EDP/B,Soccer,U-9,5,999,Not Set,Not Set,Not Set,Not Set
3102,CHSC IMPACT EDP/G,Soccer,U-10,5,999,CHSC - UPPER CHAPEL TURF,F1,Not Set,Not Set
3092,CHSC RAGE EDP/B,Soccer,U-13,5,999,CHSC - UPPER CHAPEL TURF,F1,Not Set,Not Set
3104,CHSC RAPTORS EDP/B,Soccer,U-14,5,999,CHSC - CH WEST HS,F1,Not Set,Not Set
3151,CHSC THUNDER NJYS PRES CUP/B,Soccer,U-11,5,999,CHSC - UPPER CHAPEL TURF,F1,Not Set,Not Set
3353,CINNAMINSON SC  AVENGERS 2014,Soccer,U-9,5,999,Not Set,Not Set,Not Set,Not Set
3293,CINNAMINSON SC  CHARGE 2012,Soccer,U-11,5,999,CINNAMINSON SC - MEMORIAL,S9,Not Set,Not Set
3424,CINNAMINSON SC  CHARGERS 2014,Soccer,U-9,5,999,CINNAMINSON SC - MEMORIAL,S7,Not Set,Not Set
3403,CINNAMINSON SC  PIRATES 2009,Soccer,U-14,5,999,CINNAMINSON SC - MEMORIAL,F1,Not Set,Not Set
3210,CINNAMINSON SC  PIRATES 2010,Soccer,U-13,5,999,Not Set,Not Set,Not Set,Not Set
3198,CINNAMINSON SC  RAPTORS 2015,Soccer,U-8,5,999,Not Set,Not Set,Not Set,Not Set
3258,CINNAMINSON SC  RED DEVILS 2015,Soccer,U-8,5,999,Not Set,Not Set,Not Set,Not Set
3480,CINNAMINSON SC  SKULLS 2012,Soccer,U-11,5,999,CINNAMINSON SC - MEMORIAL,S9,Not Set,Not Set
3357,CINNAMINSON SC  STORM 2011,Soccer,U-12,5,999,CINNAMINSON SC - MEMORIAL,S9,Not Set,Not Set
3376,CINNAMINSON SC  STRIKERS 2013,Soccer,U-10,5,999,CINNAMINSON SC - MEMORIAL,S7,Not Set,Not Set
3305,CINNAMINSON SC  THUNDERBIRDS 2013,Soccer,U-10,5,999,CINNAMINSON SC - MEMORIAL,S7,Not Set,Not Set
3287,CINNAMINSON SC  VIPERS 2011,Soccer,U-12,5,999,Not Set,Not Set,Not Set,Not Set
3331,CINNAMINSON SC  WARRIORS 2012,Soccer,U-11,5,999,Not Set,Not Set,Not Set,Not Set
3422,CINNAMINSON SC  WILDCATS 2009,Soccer,U-14,5,999,Not Set,Not Set,Not Set,Not Set
2533,CINNAMINSON SC AVENGERS 2014,Soccer,U-9,5,999,CINNAMINSON SC - MEMORIAL,S7,Not Set,Not Listed
2427,CINNAMINSON SC CHARGE 2012,Soccer,U-11,5,999,Not Set,Not Set,Not Set,Not Listed
2229,CINNAMINSON SC CHARGERS 2014,Soccer,U-9,5,999,CINNAMINSON SC - MEMORIAL,S7,Not Set,Not Listed
2678,CINNAMINSON SC KNIGHTS 2010,Soccer,U-13,5,999,Not Set,Not Set,Not Set,Not Listed
2270,CINNAMINSON SC PIRATES 2009,Soccer,U-14,5,999,CINNAMINSON SC - MEMORIAL,F1,Not Set,Not Listed
2376,CINNAMINSON SC PIRATES 2010,Soccer,U-13,5,999,CINNAMINSON SC - MEMORIAL,F1,Not Set,Not Listed
2196,CINNAMINSON SC RAPTORS 2008,Soccer,U-15,5,999,Not Set,Not Set,Not Set,Not Listed
2919,CINNAMINSON SC RAPTORS 2015,Soccer,U-8,5,999,CINNAMINSON SC - MEMORIAL,S7,Not Set,Not Set
3074,CINNAMINSON SC RED DEVILS 2015,Soccer,U-8,5,999,Not Set,Not Set,Not Set,Not Set
2495,CINNAMINSON SC SKULLS 2012,Soccer,U-11,5,999,Not Set,Not Set,Not Set,Not Listed
2500,CINNAMINSON SC STORM 2011,Soccer,U-12,5,999,CINNAMINSON SC - MEMORIAL,S9,Not Set,Not Listed
2950,CINNAMINSON SC STRIKERS 2013,Soccer,U-10,5,999,Not Set,Not Set,Not Set,Not Set
2320,CINNAMINSON SC THUNDERBIRDS 2013,Soccer,U-10,5,999,CINNAMINSON SC - MEMORIAL,S7,Not Set,Not Listed
2487,CINNAMINSON SC VIPERS 2011,Soccer,U-12,5,999,Not Set,Not Set,Not Set,Not Listed
2232,CINNAMINSON SC WARRIORS 2012,Soccer,U-11,5,999,Not Set,Not Set,Not Set,Not Listed
2593,CINNAMINSON SC WILDCATS 2009,Soccer,U-14,5,999,Not Set,Not Set,Not Set,Not Listed
3154,CJFA WAVE NJYS PRES CUP/G,Soccer,U-13,5,999,Not Set,Not Set,Not Set,Not Set
3242,CLAYTON SA 2012 CLIPPERS,Soccer,U-11,5,999,Not Set,Not Set,Not Set,Not Set
3501,CLAYTON SA 2014 CLIPPERS,Soccer,U-9,5,999,CLAYTON - BENTZ,S7,Not Set,Not Set
3479,CLAYTON SA CLIPPERS 2010/2011,Soccer,U-13,5,999,CLAYTON - BENTZ,F1,Not Set,Not Set
2528,CLAYTON SA CLIPPERS 2011,Soccer,U-12,5,999,Not Set,Not Set,Not Set,Not Listed
2210,CLAYTON SA CLIPPERS 2012,Soccer,U-11,5,999,Not Set,Not Set,Not Set,Not Listed
2965,CLAYTON SA CLIPPERS 2014,Soccer,U-9,5,999,Not Set,Not Set,Not Set,Not Set
3315,COHANSEY SC  DYNASTY 2015,Soccer,U-8,5,999,Cohansey - Cumberland County Tech School,Cumberland county Tech School,Not Set,Not Set
3319,COHANSEY SC  STORM 2009,Soccer,U-14,5,999,Cohansey - Cumberland County Tech School,Cumberland county Tech School,Not Set,Not Set
2998,COHANSEY SC RAGE 2015,Soccer,U-8,5,999,Not Set,Not Set,Not Set,Not Set
2373,COHANSEY SC STORM 2009,Soccer,U-14,5,999,Not Set,Not Set,Not Set,Not Listed
3124,COLLINGSWOOD EDP/G,Soccer,U-14,5,999,Not Set,Not Set,Not Set,Not Set
2796,COLLINGSWOOD TRAVEL SOCCER CLUB COBRAS 2013,Soccer,U-10,5,999,Not Set,Not Set,Not Set,Not Set
3273,COLLINGSWOOD TRAVEL SOCCER CLUB COLLINGSWOOD COBRA,Soccer,U-10,5,999,Not Set,Not Set,Not Set,Not Listed
2851,COLLINGSWOOD TRAVEL SOCCER CLUB COYOTES 2008,Soccer,U-15,5,999,COLLINGSWOOD - KROC CENTER,FS,Not Set,Not Set
2971,COLLINGSWOOD TRAVEL SOCCER CLUB GALAXY 2010,Soccer,U-13,5,999,COLLINGSWOOD - KROC CENTER,FS,Not Set,Not Set
2733,COLLINGSWOOD TRAVEL SOCCER CLUB KNIGHTS 2012,Soccer,U-11,5,999,COLLINGSWOOD SC- CAMDEN PREP,COLLINGSWOOD SC- CAMDEN PREP COPEWOOD EL,Not Set,Not Set
2826,COLLINGSWOOD TRAVEL SOCCER CLUB OUTLAWS 2014,Soccer,U-9,5,999,Not Set,Not Set,Not Set,Not Set
2835,COLLINGSWOOD TRAVEL SOCCER CLUB WILD 2011,Soccer,U-12,5,999,Not Set,Not Set,Not Set,Not Set
3161,CRANFORD EDP/G,Soccer,U-14,5,999,Not Set,Not Set,Not Set,Not Set
3162,DEEP RUN EDP/G,Soccer,U-13,5,999,Not Set,Not Set,Not Set,Not Set
3150,DELAWARE SC EDP/G,Soccer,U-13,5,999,Not Set,Not Set,Not Set,Not Set
3042,DELRAN FC SOCCER B 2015,Soccer,U-8,5,999,Not Set,Not Set,Not Set,Not Set
2833,DELRAN FC SOCCER B TEAM 2014,Soccer,U-9,5,999,Not Set,Not Set,Not Set,Not Set
3252,DELRAN FC SOCCER DELRAN FC BLAST 2011,Soccer,U-12,5,999,Not Set,Not Set,Not Set,Not Set
3333,DELRAN FC SOCCER DELRAN FC COBRAS 2015,Soccer,U-8,5,999,DELRAN - DEUTSCH,S1,Not Set,Not Set
3196,DELRAN FC SOCCER DELRAN FC HAWKS 2014,Soccer,U-9,5,999,Not Set,Not Set,Not Set,Not Set
2524,DELRAN FC SOCCER DELRAN FC KNIGHTS 2014,Soccer,U-9,5,999,DELRAN - DEUTSCH,S1,Not Set,Not Listed
3350,DELRAN FC SOCCER DELRAN FC LIONS 2008,Soccer,U-15,5,999,DELRAN - DEUTSCH,F1,Not Set,Not Set
2446,DELRAN FC SOCCER DELRAN FC UNITED 2013,Soccer,U-10,5,999,DELRAN - DEUTSCH,S1,Not Set,Not Listed
3203,DELRAN FC SOCCER DELRAN FLASH 2012,Soccer,U-11,5,999,Not Set,Not Set,Not Set,Not Set
2874,DELRAN FC SOCCERDELRAN FC BLAST 2011,Soccer,U-12,5,999,Not Set,Not Set,Not Set,Not Set
3014,DELRAN FC SOCCERDELRAN FC KNIGHTS 2014,Soccer,U-9,5,999,Not Set,Not Set,Not Set,Not Set
2933,DELRAN FC SOCCERDELRAN FC UNITED 2013,Soccer,U-10,5,999,DELRAN - VERMES,S7,Not Set,Not Set
2804,DELRAN FC SOCCERDELRAN FLASH 2012,Soccer,U-11,5,999,DELRAN - VERMES,S9,Not Set,Not Set
3335,DELRAN SOCCER CLUB DELRAN EXPRESS 2010B,Soccer,U-13,5,999,Not Set,Not Set,Not Set,Not Set
3103,DEPTFORD PREMIER EDP/G,Soccer,U-10,5,999,Not Set,Not Set,Not Set,Not Set
3141,DEPTFORD PREMIER EDP/G,Soccer,U-11,5,999,Not Set,Not Set,Not Set,Not Set
3189,DEPTFORD PREMIER EDP/G,Soccer,U-8,5,999,DEPTFORD SC,F1,Not Set,Not Set
2775,DEPTFORD SA AVENGERS 2009,Soccer,U-14,5,999,DEPTFORD SC,F1,Not Set,Not Set
2893,DEPTFORD SA BLAZE 2011,Soccer,U-12,5,999,DEPTFORD SC,S9,Not Set,Not Set
2968,DEPTFORD SA BRUTE FORCE 2010,Soccer,U-13,5,999,Not Set,Not Set,Not Set,Not Set
2850,DEPTFORD SA DEMONS 2010,Soccer,U-13,5,999,Not Set,Not Set,Not Set,Not Set
3401,DEPTFORD SA DEPTFORD AVENGERS 2009,Soccer,U-14,5,999,DEPTFORD SC,F1,Not Set,Not Set
3397,DEPTFORD SA DEPTFORD BLAZE 2011,Soccer,U-12,5,999,DEPTFORD SC,S9,Not Set,Not Set
3214,DEPTFORD SA DEPTFORD BRUTE FORCE 2010,Soccer,U-13,5,999,Not Set,Not Set,Not Set,Not Set
3396,DEPTFORD SA DEPTFORD DEMONS 2010,Soccer,U-13,5,999,Not Set,Not Set,Not Set,Not Set
3363,DEPTFORD SA DEPTFORD PREMIER 2016 FUTURES,Soccer,U-8,5,999,DEPTFORD SC,S7,Not Set,Not Set
3359,DEPTFORD SA DEPTFORD PREMIER FC 2015 FUSION,Soccer,U-8,5,999,DEPTFORD SC,S7,Not Set,Not Set
3217,DEPTFORD SA DEPTFORD REBELS 2009,Soccer,U-14,5,999,Not Set,Not Set,Not Set,Not Set
3408,DEPTFORD SA DEPTFORD SCORPIONS 2005,Soccer,U-19,5,999,DEPTFORD SC,F1,Not Set,Not Set
3194,DEPTFORD SA DEPTFORD THUNDER 2012,Soccer,U-11,5,999,Not Set,Not Set,Not Set,Not Set
3358,DEPTFORD SA DEPTFORD THUNDER 2015,Soccer,U-8,5,999,DEPTFORD SC,S7,Not Set,Not Set
2693,DEPTFORD SA DEPTFORD TORNADOES 2011,Soccer,U-12,5,999,DEPTFORD SC,S9,Not Set,Not Listed
3373,DEPTFORD SA DEPTFORD TORNADOS 2013,Soccer,U-10,5,999,DEPTFORD SC,S7,Not Set,Not Set
3367,DEPTFORD SA DEPTFORD UNITED 2014,Soccer,U-9,5,999,DEPTFORD SC,S7,Not Set,Not Set
3378,DEPTFORD SA DEPTFORD VENOM 2012,Soccer,U-11,5,999,DEPTFORD SC,S9,Not Set,Not Set
3075,DEPTFORD SA DRAGONS 2008,Soccer,U-15,5,999,DEPTFORD SC,F1,Not Set,Not Set
2942,DEPTFORD SA PREMIER FC FUSION 2015,Soccer,U-8,5,999,Not Set,Not Set,Not Set,Not Set
2970,DEPTFORD SA RAPTORS 2006,Soccer,U-19,5,999,DEPTFORD SC,F1,Not Set,Not Set
2774,DEPTFORD SA REBELS 2009,Soccer,U-14,5,999,Not Set,Not Set,Not Set,Not Set
2706,DEPTFORD SA SCORPIONS 2005/2006,Soccer,U-18,5,999,DEPTFORD SC,F1,Not Set,Not Set
2738,DEPTFORD SA THUNDER 2012,Soccer,U-11,5,999,Not Set,Not Set,Not Set,Not Set
2900,DEPTFORD SA THUNDER 2015,Soccer,U-8,5,999,Not Set,Not Set,Not Set,Not Set
2789,DEPTFORD SA TORNADOES 2011,Soccer,U-12,5,999,DEPTFORD SC,S9,Not Set,Not Set
2987,DEPTFORD SA TORNADOS 2013,Soccer,U-10,5,999,DEPTFORD SC,S7,Not Set,Not Set
2940,DEPTFORD SA UNITED 2014,Soccer,U-9,5,999,Not Set,Not Set,Not Set,Not Set
2881,DEPTFORD SA VENOM 2012,Soccer,U-11,5,999,Not Set,Not Set,Not Set,Not Set
3025,EAST GREENWICH SA  FIRE 2012,Soccer,U-11,5,999,E GREENWICH - THOMPSON FAMILY PARK,F1,Not Set,Not Set
2923,EAST GREENWICH SA  FURY 2011,Soccer,U-12,5,999,E GREENWICH - THOMPSON FAMILY PARK,F1,Not Set,Not Set
2955,EAST GREENWICH SA BLACK KNIGHTS 2015,Soccer,U-8,5,999,Not Set,Not Set,Not Set,Not Set
2972,EAST GREENWICH SA BLAZE 2010,Soccer,U-13,5,999,Not Set,Not Set,Not Set,Not Set
2719,EAST GREENWICH SA CHARGERS 2010,Soccer,U-13,5,999,E GREENWICH - THOMPSON FAMILY PARK,F2,Not Set,Not Set
2816,EAST GREENWICH SA DYNAMO 2013,Soccer,U-10,5,999,E GREENWICH - THOMPSON FAMILY PARK,S7,Not Set,Not Set
3059,EAST GREENWICH SA EAGLES 2014,Soccer,U-9,5,999,Not Set,Not Set,Not Set,Not Set
3390,EAST GREENWICH SA EGSA BLACK KNIGHTS 2015,Soccer,U-8,5,999,Not Set,Not Set,Not Set,Not Set
3400,EAST GREENWICH SA EGSA BLAZE 2010,Soccer,U-13,5,999,E GREENWICH - THOMPSON FAMILY PARK,F2,Not Set,Not Set
3244,EAST GREENWICH SA EGSA CHARGERS 2010,Soccer,U-13,5,999,Not Set,Not Set,Not Set,Not Set
3308,EAST GREENWICH SA EGSA DYNAMO 2013,Soccer,U-10,5,999,E GREENWICH - THOMPSON FAMILY PARK,S7,Not Set,Not Set
3235,EAST GREENWICH SA EGSA FURY 2011,Soccer,U-12,5,999,E GREENWICH - THOMPSON FAMILY PARK,F1,Not Set,Not Set
3336,EAST GREENWICH SA EGSA HORNETS 2007,Soccer,U-16,5,999,E GREENWICH - THOMPSON FAMILY PARK,F2,Not Set,Not Set
3431,EAST GREENWICH SA EGSA MAYHEM 2013,Soccer,U-10,5,999,E GREENWICH - THOMPSON FAMILY PARK,S7,Not Set,Not Set
3429,EAST GREENWICH SA EGSA NITRO 2011,Soccer,U-12,5,999,Not Set,Not Set,Not Set,Not Set
3490,EAST GREENWICH SA EGSA PANTHERS 2013,Soccer,U-10,5,999,E GREENWICH - THOMPSON FAMILY PARK,S7,Not Set,Not Set
3205,EAST GREENWICH SA EGSA STARS 2014,Soccer,U-9,5,999,Not Set,Not Set,Not Set,Not Set
3459,EAST GREENWICH SA EGSA THUNDER 2009,Soccer,U-14,5,999,E GREENWICH - THOMPSON FAMILY PARK,F2,Not Set,Not Set
3385,EAST GREENWICH SA EGSA TITANS 2014,Soccer,U-9,5,999,E GREENWICH - THOMPSON FAMILY PARK,S7,Not Set,Not Set
3428,EAST GREENWICH SA EGSA VENOM 2012,Soccer,U-11,5,999,Not Set,Not Set,Not Set,Not Set
3472,EAST GREENWICH SA EGSA WARRIORS 2012,Soccer,U-11,5,999,E GREENWICH - THOMPSON FAMILY PARK,F1,Not Set,Not Set
3231,EAST GREENWICH SA EGSA WOLVES 2004,Soccer,U-19,5,999,E GREENWICH - THOMPSON FAMILY PARK,F2,Not Set,Not Set
2788,EAST GREENWICH SA HORNETS 2007,Soccer,U-16,5,999,Not Set,Not Set,Not Set,Not Set
2815,EAST GREENWICH SA MAYHEM 2013,Soccer,U-10,5,999,Not Set,Not Set,Not Set,Not Set
2726,EAST GREENWICH SA NITRO 2011,Soccer,U-12,5,999,Not Set,Not Set,Not Set,Not Set
3020,EAST GREENWICH SA PANTHERS 2013,Soccer,U-10,5,999,E GREENWICH - THOMPSON FAMILY PARK,S7,Not Set,Not Set
2917,EAST GREENWICH SA RAIDERS 2013,Soccer,U-10,5,999,E GREENWICH - THOMPSON FAMILY PARK,S7,Not Set,Not Set
2811,EAST GREENWICH SA STARS 2014,Soccer,U-9,5,999,Not Set,Not Set,Not Set,Not Set
2780,EAST GREENWICH SA THUNDER 2009,Soccer,U-14,5,999,E GREENWICH - THOMPSON FAMILY PARK,F2,Not Set,Not Set
2754,EAST GREENWICH SA TITANS 2014,Soccer,U-9,5,999,E GREENWICH - THOMPSON FAMILY PARK,S7,Not Set,Not Set
2805,EAST GREENWICH SA VENOM 2012,Soccer,U-11,5,999,Not Set,Not Set,Not Set,Not Set
2807,EAST GREENWICH SA WARRIORS 2012,Soccer,U-11,5,999,Not Set,Not Set,Not Set,Not Set
3419,EDGEWATER PARK ATHLETIC ASSOCIATION EP PHOENIX 200,Soccer,U-17,5,999,Not Set,Not Set,Not Set,Not Listed
3414,EDGEWATER PARK ATHLETIC ASSOCIATION EP WIZARDS 201,Soccer,U-13,5,999,Not Set,Not Set,Not Set,Not Listed
2787,EDGEWATER PARK ATHLETIC ASSOCIATION PHOENIX 2007,Soccer,U-16,5,999,EPAA - WEIMANN FIELD,F1,Not Set,Not Set
2960,EDGEWATER PARK ATHLETIC ASSOCIATION WIZARDS 2010,Soccer,U-13,5,999,EPAA - WEIMANN FIELD,F1,Not Set,Not Set
3190,EDP/G,Soccer,U-8,5,999,Not Set,Not Set,Not Set,Not Set
2269,EGG HARBOR SC EAGLES 2009,Soccer,U-14,5,999,Not Set,Not Set,Not Set,Not Listed
2471,EGG HARBOR SC EAGLES 2010,Soccer,U-13,5,999,Not Set,Not Set,Not Set,Not Listed
2418,EGG HARBOR SC EAGLES 2014,Soccer,U-9,5,999,EGG HARBOR - BARGAINTOWN,S7,Not Set,Not Listed
2993,EGG HARBOR SC EAGLES 2015,Soccer,U-8,5,999,Not Set,Not Set,Not Set,Not Set
2435,EGG HARBOR SC EAGLES BLACK 2011,Soccer,U-12,5,999,Not Set,Not Set,Not Set,Not Listed
2202,EGG HARBOR SC EAGLES BLACK 2012,Soccer,U-11,5,999,Not Set,Not Set,Not Set,Not Listed
2293,EGG HARBOR SC EAGLES BLACK 2013,Soccer,U-10,5,999,Not Set,Not Set,Not Set,Not Listed
2395,EGG HARBOR SC EAGLES WHITE 2012,Soccer,U-11,5,999,Not Set,Not Set,Not Set,Not Listed
2288,EGG HARBOR SC EAGLES WHITE 2013,Soccer,U-10,5,999,EGG HARBOR - BARGAINTOWN,S7,Not Set,Not Listed
3402,EGG HARBOR TOWNSHIP SC EGG HARBOR SC EAGLES 2009,Soccer,U-14,5,999,Not Set,Not Set,Not Set,Not Set
3349,EGG HARBOR TOWNSHIP SC EGG HARBOR SC EAGLES 2010,Soccer,U-13,5,999,Not Set,Not Set,Not Set,Not Set
3254,EGG HARBOR TOWNSHIP SC EGG HARBOR SC EAGLES 2014,Soccer,U-9,5,999,Not Set,Not Set,Not Set,Not Set
2499,EGG HARBOR TOWNSHIP SC EGG HARBOR SC EAGLES 2015,Soccer,U-8,5,999,Not Set,Not Set,Not Set,Not Listed
3314,EGG HARBOR TOWNSHIP SC EGG HARBOR SC EAGLES BLACK ,Soccer,U-10,5,999,Not Set,Not Set,Not Set,Not Listed
3304,EGG HARBOR TOWNSHIP SC EGG HARBOR SC EAGLES BLACK ,Soccer,U-11,5,999,EGG HARBOR - BARGAINTOWN,S9,Not Set,Not Listed
3327,EGG HARBOR TOWNSHIP SC EGG HARBOR SC EAGLES BLACK ,Soccer,U-12,5,999,Not Set,Not Set,Not Set,Not Listed
3285,EGG HARBOR TOWNSHIP SC EGG HARBOR SC EAGLES WHITE ,Soccer,U-10,5,999,Not Set,Not Set,Not Set,Not Listed
3296,EGG HARBOR TOWNSHIP SC EGG HARBOR SC EAGLES WHITE ,Soccer,U-11,5,999,EGG HARBOR - BARGAINTOWN,S9,Not Set,Not Listed
3090,FC BERNA EDP/G,Soccer,U-11,5,999,Not Set,Not Set,Not Set,Not Set
3171,FRANKLIN ELITE EDP/B,Soccer,U-12,5,999,Not Set,Not Set,Not Set,Not Set
3129,FRANKLIN ELITE EDP/G,Soccer,U-13,5,999,Not Set,Not Set,Not Set,Not Set
2905,FRANKLIN TOWNSHIP YOUTH SOCCER ASSOCIATION CRUSADE,Soccer,U-11,5,999,Not Set,Not Set,Not Set,Not Listed
2795,FRANKLIN TOWNSHIP YOUTH SOCCER ASSOCIATION ENFORCE,Soccer,U-10,5,999,FRANKLIN TWP YOUTH COMPLEX,S7,Not Set,Not Listed
3503,FRANKLIN TOWNSHIP YOUTH SOCCER ASSOCIATION ENFORCE,Soccer,U-11,5,999,Not Set,Not Set,Not Set,Not Listed
2976,FRANKLIN TOWNSHIP YOUTH SOCCER ASSOCIATION FIRE 20,Soccer,U-12,5,999,FRANKLIN TWP YOUTH COMPLEX,S9,Not Set,Not Listed
2978,FRANKLIN TOWNSHIP YOUTH SOCCER ASSOCIATION SAVAGES,Soccer,U-16,5,999,FRANKLIN TWP YOUTH COMPLEX,F1,Not Set,Not Listed
2991,FRANKLIN TOWNSHIP YOUTH SOCCER ASSOCIATION STORM 2,Soccer,U-13,5,999,Not Set,Not Set,Not Set,Not Listed
3044,FRANKLIN TOWNSHIP YOUTH SOCCER ASSOCIATION STORM 2,Soccer,U-9,5,999,Not Set,Not Set,Not Set,Not Listed
2750,FRANKLIN TOWNSHIP YOUTH SOCCER ASSOCIATION STRIKER,Soccer,U-14,5,999,Not Set,Not Set,Not Set,Not Listed
3127,FREEHOLD EDP/B,Soccer,U-11,5,999,Not Set,Not Set,Not Set,Not Set
3039,GATEWAY UNITED SOCCER CLUB 2015,Soccer,U-8,5,999,GATEWAY UTD. - WOODBURY HGTS-HELEN AVE,S1,Not Set,Gateway Regional High School
3334,GATEWAY UNITED SOCCER CLUB GATEWAY UNITED LIGHTNIN,Soccer,U-8,5,999,GATEWAY UTD. - LANGSTON FIELD,F1,Not Set,Not Listed
3061,GATEWAY UNITED SOCCER CLUB GREYHOUNDS 2014,Soccer,U-9,5,999,Not Set,Not Set,Not Set,Not Set
2861,GATEWAY UNITED SOCCER CLUB HURRICANES 2008,Soccer,U-15,5,999,GATEWAY UTD. - WESTVILLE,F1,Not Set,Not Set
2979,GATEWAY UNITED SOCCER CLUB JAGUARS 2010,Soccer,U-13,5,999,GATEWAY UTD. - WESTVILLE,F1,Not Set,Not Set
2904,GATEWAY UNITED SOCCER CLUB SHARKS 2013,Soccer,U-10,5,999,Not Set,Not Set,Not Set,Not Set
2872,GATEWAY UNITED SOCCER CLUB STINGRAYS 2012,Soccer,U-11,5,999,GATEWAY UTD. - WESTVILLE,S1,Not Set,Gateway Regional High School
3282,GATEWAY UNITED SOCCER CLUB WARRIORS 2005,Soccer,U-19,5,999,Not Set,Not Set,Not Set,Not Set
2721,GATEWAY UNITED SOCCER CLUB WARRIORS 2006,Soccer,U-18,5,999,GATEWAY UTD. - WESTVILLE,F1,Not Set,Not Set
2996,GATEWAY UNITED SOCCER CLUB WILDCATS 2011,Soccer,U-12,5,999,Not Set,Not Set,Not Set,Not Set
3081,GLOUCESTER COUNTY UNION INC 2010,Soccer,U-13,5,999,Not Set,Not Set,Not Set,Not Set
3023,GLOUCESTER COUNTY UNION INC 2013,Soccer,U-10,5,999,GCU - NEHAUNSEY MS,S7,Not Set,Not Set
3328,HADDON HEIGHTS SC  2011 WOLVES,Soccer,U-12,5,999,HADD HGTS - DEVON,FS,Not Set,Not Set
3473,HADDON HEIGHTS SC  2013 BEAST BOYS,Soccer,U-10,5,999,HADD HGTS - DEVON,S1,Not Set,Not Set
3434,HADDON HEIGHTS SC  2013 YOUNG BOYS,Soccer,U-10,5,999,HADD HGTS - DEVON,S1,Not Set,Not Set
3496,HADDON HEIGHTS SC  2014 MIGHTY TITANS,Soccer,U-9,5,999,HADD HGTS - DEVON,S1,Not Set,Not Set
3392,HADDON HEIGHTS SC  2015 CHEETAHS,Soccer,U-8,5,999,HADD HGTS - DEVON,S1,Not Set,Not Set
3238,HADDON HEIGHTS SC  GARNETS 2009,Soccer,U-14,5,999,HADD HGTS - DEVON,F1,Not Set,Not Set
2951,HADDON HEIGHTS SC BEAST BOYS 2013,Soccer,U-10,5,999,HADD HGTS - DEVON,S1,Not Set,Not Set
2967,HADDON HEIGHTS SC CHEETAHS 2015,Soccer,U-8,5,999,Not Set,Not Set,Not Set,Not Set
2492,HADDON HEIGHTS SC GARNETS 2009,Soccer,U-14,5,999,HADD HGTS - DEVON,F1,Not Set,Not Listed
3047,HADDON HEIGHTS SC MIGHTY TITANS 2014,Soccer,U-9,5,999,HADD HGTS - DEVON,S1,Not Set,Not Set
2234,HADDON HEIGHTS SC SPURS 2011,Soccer,U-12,5,999,HADD HGTS - DEVON,FS,Not Set,Not Listed
2834,HADDON HEIGHTS SC WOLVES 2011,Soccer,U-12,5,999,HADD HGTS - DEVON,FS,Not Set,Not Set
2894,HADDON HEIGHTS SC YOUNG BOYS 2013,Soccer,U-10,5,999,Not Set,Not Set,Not Set,Not Set
2880,HADDON TWP SOCCER CLUB 2012,Soccer,U-11,5,999,HADDON TWP - CRYSTAL LAKE,S9,Not Set,Not Set
2922,HADDON TWP SOCCER CLUB GREY HAWKS 2014,Soccer,U-9,5,999,Not Set,Not Set,Not Set,Not Set
3294,HADDON TWP SOCCER CLUB HADDON TWP RED HAWKS 2012,Soccer,U-11,5,999,Not Set,Not Set,Not Set,Not Set
3306,HADDON TWP SOCCER CLUB HADDON TWP RED HAWKS 2013,Soccer,U-10,5,999,Not Set,Not Set,Not Set,Not Set
3249,HADDON TWP SOCCER CLUB HADDON TWP RED HAWKS 2014,Soccer,U-9,5,999,HADDON TWP - CRYSTAL LAKE,S7,Not Set,Not Set
3389,HADDON TWP SOCCER CLUB HADDON TWP RED HAWKS 2015,Soccer,U-8,5,999,HADDON TWP - CRYSTAL LAKE,S7,Not Set,Not Set
3442,HADDON TWP SOCCER CLUB HADDON TWP WHITE HAWKS 2012,Soccer,U-11,5,999,HADDON TWP - CRYSTAL LAKE,S9,Not Set,Not Set
3355,HADDON TWP SOCCER CLUB HADDON TWP WHITE HAWKS 2013,Soccer,U-10,5,999,Not Set,Not Set,Not Set,Not Set
3317,HADDON TWP SOCCER CLUB HADDON TWP WHITE HAWKS 2014,Soccer,U-9,5,999,HADDON TWP - CRYSTAL LAKE,S7,Not Set,Not Set
3202,HADDON TWP SOCCER CLUB HADDON TWP WHITE HAWKS 2015,Soccer,U-8,5,999,Not Set,Not Set,Not Set,Not Set
2728,HADDON TWP SOCCER CLUB RED HAWKS 2010,Soccer,U-13,5,999,Not Set,Not Set,Not Set,Not Set
2745,HADDON TWP SOCCER CLUB RED HAWKS 2011,Soccer,U-12,5,999,Not Set,Not Set,Not Set,Not Set
2761,HADDON TWP SOCCER CLUB RED HAWKS 2013,Soccer,U-10,5,999,Not Set,Not Set,Not Set,Not Set
2748,HADDON TWP SOCCER CLUB RED HAWKS 2014,Soccer,U-9,5,999,HADDON TWP - CRYSTAL LAKE,S7,Not Set,Not Set
3037,HADDON TWP SOCCER CLUB RED HAWKS 2015,Soccer,U-8,5,999,HADDON TWP - CRYSTAL LAKE,S7,Not Set,Not Set
2957,HADDON TWP SOCCER CLUB WHITE HAWKS 2012,Soccer,U-11,5,999,Not Set,Not Set,Not Set,Not Set
2935,HADDON TWP SOCCER CLUB WHITE HAWKS 2013,Soccer,U-10,5,999,Not Set,Not Set,Not Set,Not Set
2825,HADDON TWP SOCCER CLUB WHITE HAWKS 2014,Soccer,U-9,5,999,HADDON TWP - CRYSTAL LAKE,S7,Not Set,Not Set
2705,HADDON TWP SOCCER CLUB WHITE HAWKS 2015,Soccer,U-8,5,999,Not Set,Not Set,Not Set,Not Set
2241,HADDONFIELD SC BLACK 2009,Soccer,U-14,5,999,HADDONFIELD - CROWS WOODS,F1,Not Set,Not Listed
2244,HADDONFIELD SC BLACK 2010,Soccer,U-13,5,999,Not Set,Not Set,Not Set,Not Listed
2460,HADDONFIELD SC BLACK 2011,Soccer,U-12,5,999,HADDONFIELD - CROWS WOODS,S9,Not Set,Not Listed
2737,HADDONFIELD SC BLACK 2012,Soccer,U-11,5,999,HADDONFIELD - CROWS WOODS,S9,Not Set,Not Set
2988,HADDONFIELD SC BLACK 2013,Soccer,U-10,5,999,Not Set,Not Set,Not Set,Not Set
2534,HADDONFIELD SC FIRE 2014,Soccer,U-9,5,999,Not Set,Not Set,Not Set,Not Listed
2929,HADDONFIELD SC GRAY 2013,Soccer,U-10,5,999,Not Set,Not Set,Not Set,Not Set
3068,HADDONFIELD SC QUAKES 2014,Soccer,U-9,5,999,Not Set,Not Set,Not Set,Not Set
2992,HADDONFIELD SC QUAKES 2015,Soccer,U-8,5,999,HADDONFIELD - CROWS WOODS,S7,Not Set,Not Set
2709,HADDONFIELD SC REBELS 2015,Soccer,U-8,5,999,Not Set,Not Set,Not Set,Not Set
2841,HADDONFIELD SC RED 2008,Soccer,U-15,5,999,HADDONFIELD - CROWS WOODS,F1,Not Set,Not Set
2259,HADDONFIELD SC RED 2009,Soccer,U-14,5,999,Not Set,Not Set,Not Set,Not Listed
2476,HADDONFIELD SC RED 2010,Soccer,U-13,5,999,HADDONFIELD - CROWS WOODS,F1,Not Set,Not Listed
2333,HADDONFIELD SC RED 2011,Soccer,U-12,5,999,HADDONFIELD - CROWS WOODS,S9,Not Set,Not Listed
2240,HADDONFIELD SC RED 2012,Soccer,U-11,5,999,Not Set,Not Set,Not Set,Not Listed
2802,HADDONFIELD SC RED 2013,Soccer,U-10,5,999,HADDONFIELD - CROWS WOODS,S7,Not Set,Not Set
2604,HADDONFIELD SC WHITE 2010,Soccer,U-13,5,999,Not Set,Not Set,Not Set,Not Listed
2410,HADDONFIELD SC WHITE 2011,Soccer,U-12,5,999,Not Set,Not Set,Not Set,Not Listed
2612,HADDONFIELD SC WHITE 2012,Soccer,U-11,5,999,Not Set,Not Set,Not Set,Not Listed
2903,HADDONFIELD SC WHITE 2013,Soccer,U-10,5,999,HADDONFIELD - CROWS WOODS,S7,Not Set,Not Set
3138,HAMILTON ELITE EDP/G,Soccer,U-11,5,999,Not Set,Not Set,Not Set,Not Set
3179,HAMILTON ELITE EDP/G,Soccer,U-14,5,999,Not Set,Not Set,Not Set,Not Set
3330,HAMILTON ELITE FC  PREMIER 2010B,Soccer,U-13,5,999,Not Set,Not Set,Not Set,Not Set
3268,HAMILTON ELITE FC PREMIER 2014 BOYS,Soccer,U-9,5,999,Not Set,Not Set,Not Set,Not Set
3246,HAMILTON ELITE FC PREMIER 2015 BOYS,Soccer,U-8,5,999,Not Set,Not Set,Not Set,Not Set
2771,HAMILTON ELITE FC PREMIER B 2010,Soccer,U-13,5,999,HAMILTON ELITE FC - HICKORY,F1,Not Set,Not Set
2889,HAMILTON ELITE FC PREMIER BOYS 2014 ,Soccer,U-9,5,999,HAMILTON ELITE FC - HICKORY,S7,Not Set,Not Set
2997,HAMILTON ELITE FC PREMIER BOYS 2015 ,Soccer,U-8,5,999,HAMILTON ELITE FC - HICKORY,S7,Not Set,Not Set
3239,HAMMONTON YSA HAMMONTON HEAT 2009,Soccer,U-14,5,999,Not Set,Not Set,Not Set,Not Set
3209,HAMMONTON YSA HAMMONTON HEAT 2010,Soccer,U-13,5,999,Not Set,Not Set,Not Set,Not Set
3477,HAMMONTON YSA HAMMONTON HEAT 2011,Soccer,U-12,5,999,HAMMONTON - BOYER FIELD,S9,Not Set,Not Set
3475,HAMMONTON YSA HAMMONTON HEAT 2013,Soccer,U-10,5,999,HAMMONTON - BOYER FIELD,S7,Not Set,Not Set
2698,HAMMONTON YSA HAMMONTON HEAT 2014,Soccer,U-9,5,999,Not Set,Not Set,Not Set,Not Listed
2792,HAMMONTON YSA HEAT 2009,Soccer,U-14,5,999,Not Set,Not Set,Not Set,Not Set
2713,HAMMONTON YSA HEAT 2010,Soccer,U-13,5,999,Not Set,Not Set,Not Set,Not Set
2915,HAMMONTON YSA HEAT 2011,Soccer,U-12,5,999,Not Set,Not Set,Not Set,Not Set
2938,HAMMONTON YSA HEAT 2012,Soccer,U-11,5,999,HAMMONTON ECEC Fields,S9,Not Set,Not Set
3055,HAMMONTON YSA HEAT 2014,Soccer,U-9,5,999,HAMMONTON ECEC Fields,S7,Not Set,Not Set
2715,HAMMONTON YSA HEAT BLUE 2013,Soccer,U-10,5,999,Not Set,Not Set,Not Set,Not Set
2946,HAMMONTON YSA HEAT SILVER 2013,Soccer,U-10,5,999,Not Set,Not Set,Not Set,Not Set
3439,HARRISON SC  ARSENAL 2011,Soccer,U-12,5,999,Not Set,Not Set,Not Set,Not Set
3470,HARRISON SC  AVENGERS 2007,Soccer,U-16,5,999,HARRISON - William Wilt Soccer Complex,F1,Not Set,Not Set
3466,HARRISON SC  BLUE DEVILS 2009,Soccer,U-14,5,999,HARRISON - William Wilt Soccer Complex,F1,Not Set,Not Set
3454,HARRISON SC  LIGHTNING 2013,Soccer,U-10,5,999,HARRISON - William Wilt Soccer Complex,S7,Not Set,Not Set
3460,HARRISON SC  STORM 2010,Soccer,U-13,5,999,Not Set,Not Set,Not Set,Not Set
3456,HARRISON SC  STRIKERS 2012,Soccer,U-11,5,999,HARRISON - William Wilt Soccer Complex,S9,Not Set,Not Set
3464,HARRISON SC  THUNDER 2011,Soccer,U-12,5,999,HARRISON - William Wilt Soccer Complex,S9,Not Set,Not Set
3356,HARRISON SC  TITANS 2008,Soccer,U-15,5,999,Not Set,Not Set,Not Set,Not Set
2422,HARRISON SC ARSENAL 2011,Soccer,U-12,5,999,HARRISON - William Wilt Soccer Complex,S9,Not Set,Not Listed
2864,HARRISON SC BLUE DEVILS 2009,Soccer,U-14,5,999,Not Set,Not Set,Not Set,Not Set
2739,HARRISON SC BLUE WAVE 2014,Soccer,U-9,5,999,HARRISON - William Wilt Soccer Complex,S7,Not Set,Not Set
2820,HARRISON SC HARRISON BLUE REBELS 2015,Soccer,U-8,5,999,HARRISON - William Wilt Soccer Complex,S7,Not Set,Not Set
3451,HARRISON SC HARRISON BLUE WAVE 2014,Soccer,U-9,5,999,HARRISON - William Wilt Soccer Complex,S7,Not Set,Not Set
3448,HARRISON SC HARRISON STORM 2014,Soccer,U-9,5,999,HARRISON - William Wilt Soccer Complex,S7,Not Set,Not Set
3445,HARRISON SC HARRISON STRIKERS 2015,Soccer,U-8,5,999,HARRISON - William Wilt Soccer Complex,S7,Not Set,Not Set
3457,HARRISON SC HARRISON TIGERS 2011,Soccer,U-12,5,999,HARRISON - William Wilt Soccer Complex,S9,Not Set,Not Set
3455,HARRISON SC HARRISON WILDCATS 2013,Soccer,U-10,5,999,HARRISON - William Wilt Soccer Complex,S7,Not Set,Not Set
2378,HARRISON SC HAWKS 2009,Soccer,U-14,5,999,HARRISON - William Wilt Soccer Complex,F1,Not Set,Not Listed
2263,HARRISON SC LIGHTNING 2013,Soccer,U-10,5,999,Not Set,Not Set,Not Set,Not Listed
2506,HARRISON SC STORM 2010,Soccer,U-13,5,999,HARRISON - William Wilt Soccer Complex,F1,Not Set,Not Listed
2844,HARRISON SC STORM 2014,Soccer,U-9,5,999,Not Set,Not Set,Not Set,Not Set
2773,HARRISON SC STRIKERS 2012,Soccer,U-11,5,999,HARRISON - William Wilt Soccer Complex,S9,Not Set,Not Set
3029,HARRISON SC STRIKERS 2015,Soccer,U-8,5,999,Not Set,Not Set,Not Set,Not Set
2670,HARRISON SC THUNDER 2011,Soccer,U-12,5,999,Not Set,Not Set,Not Set,Not Listed
2560,HARRISON SC TIGERS 2011,Soccer,U-12,5,999,HARRISON - William Wilt Soccer Complex,S9,Not Set,Not Listed
3071,HARRISON SC TITANS 2008,Soccer,U-15,5,999,Not Set,Not Set,Not Set,Not Set
3021,HARRISON SC WILDCATS 2013,Soccer,U-10,5,999,Not Set,Not Set,Not Set,Not Set
3230,HIGHLAND YOUTH SOCCER CLUB 2013B SECOND TEAM,Soccer,U-10,5,999,Not Set,Not Set,Not Set,Not Set
2931,HIGHLAND YOUTH SOCCER CLUB B 2012,Soccer,U-11,5,999,Not Set,Not Set,Not Set,Not Set
3045,HIGHLAND YOUTH SOCCER CLUB B 2013,Soccer,U-10,5,999,HIGHLAND - GLOUCESTER TWP PARK,S7,Not Set,Not Set
3000,HIGHLAND YOUTH SOCCER CLUB FORCE 2012,Soccer,U-11,5,999,Not Set,Not Set,Not Set,Not Set
2913,HIGHLAND YOUTH SOCCER CLUB FURY 2013,Soccer,U-10,5,999,HIGHLAND - GLOUCESTER TWP PARK,S7,Not Set,Not Set
3215,HIGHLAND YOUTH SOCCER CLUB FUSION 2008,Soccer,U-15,5,999,Not Set,Not Set,Not Set,Not Set
2752,HIGHLAND YOUTH SOCCER CLUB FUTURES 2015,Soccer,U-8,5,999,Not Set,Not Set,Not Set,Not Set
2794,HIGHLAND YOUTH SOCCER CLUB GALAXY 2008,Soccer,U-15,5,999,Not Set,Not Set,Not Set,Not Set
3237,HIGHLAND YOUTH SOCCER CLUB MUSTANGS 2012,Soccer,U-11,5,999,Not Set,Not Set,Not Set,Not Set
2770,HIGHLAND YOUTH SOCCER CLUB RAPTORS 2010,Soccer,U-13,5,999,Not Set,Not Set,Not Set,Not Set
2867,HIGHLAND YOUTH SOCCER CLUB SIEGE 2007,Soccer,U-16,5,999,HIGHLAND - GLOUCESTER TWP PARK,F1,Not Set,Not Set
2727,HIGHLAND YOUTH SOCCER CLUB THRASHERS 2006,Soccer,U-18,5,999,HIGHLAND - GLOUCESTER TWP PARK,F1,Not Set,Not Set
3410,HIGHLAND YOUTH SOCCER CLUB THRASHERS 2006,Soccer,U-19,5,999,Not Set,Not Set,Not Set,Not Set
2986,HIGHLAND YOUTH SOCCER CLUB THUNDER 2014,Soccer,U-9,5,999,Not Set,Not Set,Not Set,Not Set
2981,HIGHLAND YOUTH SOCCER CLUBHADDONFIELD FUSION 2008,Soccer,U-15,5,999,HIGHLAND - GLOUCESTER TWP PARK,F1,Not Set,Not Set
3134,HUNTER FUSION EDP/G,Soccer,U-15,5,999,Not Set,Not Set,Not Set,Not Set
3148,JACKSON EDP/B,Soccer,U-13,5,999,Not Set,Not Set,Not Set,Not Set
3178,JACKSON WOLFPACK EDP/G,Soccer,U-14,5,999,Not Set,Not Set,Not Set,Not Set
3095,JERSEY SHORE BOCA EDP/G,Soccer,U-14,5,999,Not Set,Not Set,Not Set,Not Set
3119,KEYSTONE EDP/G,Soccer,U-13,5,999,Not Set,Not Set,Not Set,Not Set
3181,KEYSTONE EDP/G,Soccer,U-14,5,999,Not Set,Not Set,Not Set,Not Set
3163,KINGSWAY PREMIER EDP/B,Soccer,U-13,5,999,E GREENWICH - THOMPSON FAMILY PARK,F1,Not Set,Not Set
3120,KINGSWAY PREMIER EDP/B,Soccer,U-15,5,999,E GREENWICH - THOMPSON FAMILY PARK,F1,Not Set,Not Set
2007,KINGSWAY PREMIER EDP/G,Soccer,U-10,5,999,Not Set,Not Set,Not Set,Not Listed
3083,KINGSWAY PREMIER EDP/G,Soccer,U-11,5,999,E GREENWICH - THOMPSON FAMILY PARK,F1,Not Set,Not Listed
2021,KINGSWAY PREMIER EDP/G,Soccer,U-12,5,999,E GREENWICH - THOMPSON FAMILY PARK,F1,Not Set,Not Listed
1793,KINGSWAY PREMIER EDP/G,Soccer,U-13,5,999,E GREENWICH - THOMPSON FAMILY PARK,Not Set,Not Set,Not Listed
1791,KINGSWAY PREMIER EDP/G,Soccer,U-14,5,999,E GREENWICH - THOMPSON FAMILY PARK,F1,Not Set,Not Listed
3159,LIONVILLE EDP/G,Soccer,U-15,5,999,Not Set,Not Set,Not Set,Not Set
3169,LIVERPOOL EDP/B,Soccer,U-9,5,999,Not Set,Not Set,Not Set,Not Set
3088,LIVERPOOL EDP/G,Soccer,U-15,5,999,Not Set,Not Set,Not Set,Not Set
3383,LOGAN SOCCER CLUB  LOGAN ARMADA 2015,Soccer,U-8,5,999,LOGAN - TWP LINE,S7,Not Set,Not Set
3240,LOGAN SOCCER CLUB  LOGAN BLAZE 2011,Soccer,U-12,5,999,LOGAN - TWP LINE,S9,Not Set,Not Set
3444,LOGAN SOCCER CLUB  LOGAN BRIGADE 2015,Soccer,U-8,5,999,Not Set,Not Set,Not Set,Not Set
3301,LOGAN SOCCER CLUB  LOGAN CHARGE 2014,Soccer,U-9,5,999,LOGAN - TWP LINE,S7,Not Set,Not Set
3411,LOGAN SOCCER CLUB  LOGAN FLASH 2013,Soccer,U-10,5,999,LOGAN - TWP LINE,S7,Not Set,Not Set
3427,LOGAN SOCCER CLUB  LOGAN FORCE 2012,Soccer,U-11,5,999,LOGAN - TWP LINE,S9,Not Set,Not Set
3346,LOGAN SOCCER CLUB  LOGAN FURY 2010,Soccer,U-13,5,999,LOGAN - TWP LINE,F1,Not Set,Not Set
3325,LOGAN SOCCER CLUB  LOGAN FUSION 2012,Soccer,U-11,5,999,Not Set,Not Set,Not Set,Not Set
2364,LOGAN SOCCER CLUB  LOGAN REBELS 2009,Soccer,U-14,5,999,LOGAN - TWP LINE,F1,Not Set,Not Listed
3040,LOGAN SOCCER CLUB ARMADA 2015,Soccer,U-8,5,999,Not Set,Not Set,Not Set,Not Set
2782,LOGAN SOCCER CLUB BLAZE 2011,Soccer,U-12,5,999,Not Set,Not Set,Not Set,Not Set
3080,LOGAN SOCCER CLUB BRIGADE 2015,Soccer,U-8,5,999,Not Set,Not Set,Not Set,Not Set
2891,LOGAN SOCCER CLUB CHARGE 2014,Soccer,U-9,5,999,LOGAN - TWP LINE,S7,Not Set,Not Set
3024,LOGAN SOCCER CLUB FLASH 2013,Soccer,U-10,5,999,Not Set,Not Set,Not Set,Not Set
2873,LOGAN SOCCER CLUB FORCE 2012,Soccer,U-11,5,999,Not Set,Not Set,Not Set,Not Set
2753,LOGAN SOCCER CLUB FURY 2010,Soccer,U-13,5,999,LOGAN - TWP LINE,F1,Not Set,Not Set
3003,LOGAN SOCCER CLUB FUSION 2012,Soccer,U-11,5,999,Not Set,Not Set,Not Set,Not Set
2810,LOGAN SOCCER CLUB LIGHTNING 2014,Soccer,U-9,5,999,LOGAN - TWP LINE,S7,Not Set,Not Set
2859,LOGAN SOCCER CLUB LOGAN REBELS 2009,Soccer,U-14,5,999,LOGAN - TWP LINE,F1,Not Set,Not Set
3421,MAINLAND UNITED SA  H.S. BOYS UNITED 2006/2007,Soccer,U-17,5,999,Not Set,Not Set,Not Set,Not Set
3227,MAINLAND UNITED SA  MUSTANGS 2011 B,Soccer,U-13,5,999,Not Set,Not Set,Not Set,Not Set
3290,MAINLAND UNITED SA  MUSTANGS 2012 B,Soccer,U-11,5,999,MAINLAND - MEMORIAL PARK,S7,Not Set,Not Set
3476,MAINLAND UNITED SA  MUSTANGS 2013 B,Soccer,U-10,5,999,Not Set,Not Set,Not Set,Not Set
3415,MAINLAND UNITED SA  MUSTANGS 2014,Soccer,U-9,5,999,MAINLAND - MEMORIAL PARK,S9,Not Set,Not Set
3320,MAINLAND UNITED SA  SHARKS 2010,Soccer,U-13,5,999,Not Set,Not Set,Not Set,Not Set
3360,MAINLAND UNITED SA  STANGS 2012,Soccer,U-11,5,999,MAINLAND - MEMORIAL PARK,S7,Not Set,Not Set
3426,MAINLAND UNITED SA  STANGS 2013,Soccer,U-10,5,999,Not Set,Not Set,Not Set,Not Set
3458,MAINLAND UNITED SA  STANGZ 2011B,Soccer,U-12,5,999,Not Set,Not Set,Not Set,Not Set
2980,MAINLAND UNITED SA BOYS UNITED 2010,Soccer,U-13,5,999,Not Set,Not Set,Not Set,Not Set
3265,MAINLAND UNITED SA MAINLAND UNITED BOYS UNITED 201,Soccer,U-13,5,999,Not Set,Not Set,Not Set,Not Listed
3381,MAINLAND UNITED SA MAINLAND UNITED MUSTANGS 2015 B,Soccer,U-8,5,999,MAINLAND - MEMORIAL PARK,S9,Not Set,Not Set
3310,MAINLAND UNITED SA MAINLAND UNITED STALLIONS 2014 ,Soccer,U-9,5,999,MAINLAND - MEMORIAL PARK,S9,Not Set,Not Listed
2559,MAINLAND UNITED SA MUSTANGS 2014,Soccer,U-9,5,999,Not Set,Not Set,Not Set,Not Listed
2718,MAINLAND UNITED SA MUSTANGS B 2011 ,Soccer,U-13,5,999,MAINLAND - MEMORIAL PARK,F1,Not Set,Not Set
2927,MAINLAND UNITED SA MUSTANGS B 2012 ,Soccer,U-11,5,999,MAINLAND - MEMORIAL PARK,S7,Not Set,Not Set
2958,MAINLAND UNITED SA MUSTANGS B 2013 ,Soccer,U-10,5,999,MAINLAND - MEMORIAL PARK,S9,Not Set,Not Set
2767,MAINLAND UNITED SA MUSTANGS B 2015 ,Soccer,U-8,5,999,Not Set,Not Set,Not Set,Not Set
2251,MAINLAND UNITED SA SHARKS 2010,Soccer,U-13,5,999,Not Set,Not Set,Not Set,Not Listed
2740,MAINLAND UNITED SA STALLIONS B 2014 ,Soccer,U-9,5,999,Not Set,Not Set,Not Set,Not Set
2337,MAINLAND UNITED SA STANGS 2012,Soccer,U-11,5,999,MAINLAND - MEMORIAL PARK,S7,Not Set,Not Listed
2546,MAINLAND UNITED SA STANGS 2013,Soccer,U-10,5,999,MAINLAND - MEMORIAL PARK,S9,Not Set,Not Listed
3017,MAINLAND UNITED SA STANGZ B 2011,Soccer,U-12,5,999,MAINLAND - MEMORIAL PARK,S7,Not Set,Not Set
3338,MANTUA TOWNSHIP SA  FROGS 2015,Soccer,U-8,5,999,Not Set,Not Set,Not Set,Not Set
3485,MANTUA TOWNSHIP SA  FURY 2012,Soccer,U-11,5,999,MANTUA TWP,S9,Not Set,Not Set
3200,MANTUA TOWNSHIP SA  OUTLAWS 2014,Soccer,U-9,5,999,Not Set,Not Set,Not Set,Not Set
3443,MANTUA TOWNSHIP SA  PANTHERS 2012,Soccer,U-11,5,999,Not Set,Not Set,Not Set,Not Set
3481,MANTUA TOWNSHIP SA  PREDATORS 2014,Soccer,U-9,5,999,MANTUA TWP,S7,Not Set,Not Set
3486,MANTUA TOWNSHIP SA  STRIKERS 2009,Soccer,U-14,5,999,MANTUA TWP,F1,Not Set,Not Set
3362,MANTUA TOWNSHIP SA  UNION 2011,Soccer,U-12,5,999,Not Set,Not Set,Not Set,Not Set
3483,MANTUA TOWNSHIP SA  WOLVES 2013,Soccer,U-10,5,999,MANTUA TWP,S7,Not Set,Not Set
2821,MANTUA TOWNSHIP SA FROGS 2015,Soccer,U-8,5,999,Not Set,Not Set,Not Set,Not Set
2436,MANTUA TOWNSHIP SA FURY 2012,Soccer,U-11,5,999,MANTUA TWP,S9,Not Set,Not Listed
2937,MANTUA TOWNSHIP SA OUTLAWS 2014,Soccer,U-9,5,999,Not Set,Not Set,Not Set,Not Set
2564,MANTUA TOWNSHIP SA PANTHERS 2012,Soccer,U-11,5,999,MANTUA TWP,S9,Not Set,Not Listed
2985,MANTUA TOWNSHIP SA PREDATORS 2014,Soccer,U-9,5,999,Not Set,Not Set,Not Set,Not Set
2607,MANTUA TOWNSHIP SA RAPTORS 2010,Soccer,U-13,5,999,Not Set,Not Set,Not Set,Not Listed
2268,MANTUA TOWNSHIP SA STRIKERS 2009,Soccer,U-14,5,999,MANTUA TWP,F1,Not Set,Not Listed
2279,MANTUA TOWNSHIP SA UNION 2011,Soccer,U-12,5,999,Not Set,Not Set,Not Set,Not Listed
2447,MANTUA TOWNSHIP SA WOLVES 2013,Soccer,U-10,5,999,Not Set,Not Set,Not Set,Not Listed
2777,MAPLE SHADE SC BLUE FLAMES 2009,Soccer,U-14,5,999,Not Set,Not Set,Not Set,Not Set
3046,MAPLE SHADE SC FORCE 2013,Soccer,U-10,5,999,Not Set,Not Set,Not Set,Not Set
3266,MAPLE SHADE SC MAPLE SHADE BLUE FLAMES 2009,Soccer,U-14,5,999,MAPLE SHADE - TURF FIELD,F1,Not Set,Not Set
3339,MAPLE SHADE SC MAPLE SHADE FORCE 2013,Soccer,U-10,5,999,MAPLE SHADE - TURF FIELD,F1,Not Set,Not Set
3256,MAPLE SHADE SC MAPLE SHADE WILD 2015,Soccer,U-8,5,999,Not Set,Not Set,Not Set,Not Set
3052,MAPLE SHADE SC WILD 2015,Soccer,U-8,5,999,Not Set,Not Set,Not Set,Not Set
3185,MARLBORO EDP/G,Soccer,U-13,5,999,Not Set,Not Set,Not Set,Not Set
2990,MARLTON SC CHIEFS BLACK 2012,Soccer,U-11,5,999,MARLTON - MEMORIAL,S9,Not Set,Not Set
2758,MARLTON SC CHIEFS BLACK 2013,Soccer,U-10,5,999,MARLTON - MEMORIAL,S7,Not Set,Not Set
2707,MARLTON SC CHIEFS ORANGE 2006,Soccer,U-18,5,999,Not Set,Not Set,Not Set,Not Set
3015,MARLTON SC CHIEFS ORANGE 2009,Soccer,U-14,5,999,MARLTON - MEMORIAL,F1,Not Set,Not Set
2908,MARLTON SC CHIEFS ORANGE 2011,Soccer,U-12,5,999,MARLTON - MEMORIAL,S9,Not Set,Not Set
2797,MARLTON SC CHIEFS ORANGE 2012,Soccer,U-11,5,999,MARLTON - MEMORIAL,S9,Not Set,Not Set
2817,MARLTON SC CHIEFS ORANGE 2013,Soccer,U-10,5,999,Not Set,Not Set,Not Set,Not Set
2749,MARLTON SC CHIEFS ORANGE 2014,Soccer,U-9,5,999,Not Set,Not Set,Not Set,Not Set
3028,MARLTON SC CHIEFS ORANGE 2015,Soccer,U-8,5,999,MARLTON - MEMORIAL,S7,Not Set,Not Set
2964,MARLTON SC CHIEFS SILVER 2013,Soccer,U-10,5,999,Not Set,Not Set,Not Set,Not Set
1327,MARLTON SC CHIEFS WHITE 2004,Soccer,U-19,5,999,Not Set,Not Set,Not Set,Not Listed
2710,MARLTON SC CHIEFS WHITE 2008,Soccer,U-15,5,999,MARLTON - MEMORIAL,F1,Not Set,Not Set
2776,MARLTON SC CHIEFS WHITE 2009,Soccer,U-14,5,999,MARLTON - MEMORIAL,F1,Not Set,Not Set
2884,MARLTON SC CHIEFS WHITE 2010,Soccer,U-13,5,999,MARLTON - MEMORIAL,F1,Not Set,Not Set
2819,MARLTON SC CHIEFS WHITE 2012,Soccer,U-11,5,999,Not Set,Not Set,Not Set,Not Set
2945,MARLTON SC CHIEFS WHITE 2013,Soccer,U-10,5,999,MARLTON - MEMORIAL,S7,Not Set,Not Set
2832,MARLTON SC CHIEFS WHITE 2014,Soccer,U-9,5,999,MARLTON - MEMORIAL,S7,Not Set,Not Set
2494,MARLTON SOCCER CLUB MARLTON SC CHIEFS BLACK 2012,Soccer,U-11,5,999,Not Set,Not Set,Not Set,Not Listed
2252,MARLTON SOCCER CLUB MARLTON SC CHIEFS BLACK 2013,Soccer,U-10,5,999,MARLTON - MEMORIAL,S7,Not Set,Not Listed
3487,MARLTON SOCCER CLUB MARLTON SC CHIEFS BLACK 2015,Soccer,U-8,5,999,MARLTON - MEMORIAL,S7,Not Set,Not Set
2525,MARLTON SOCCER CLUB MARLTON SC CHIEFS ORANGE 2009,Soccer,U-14,5,999,Not Set,Not Set,Not Set,Not Listed
2416,MARLTON SOCCER CLUB MARLTON SC CHIEFS ORANGE 2011,Soccer,U-12,5,999,MARLTON - MEMORIAL,S9,Not Set,Not Listed
2302,MARLTON SOCCER CLUB MARLTON SC CHIEFS ORANGE 2012,Soccer,U-11,5,999,MARLTON - MEMORIAL,S9,Not Set,Not Listed
2239,MARLTON SOCCER CLUB MARLTON SC CHIEFS ORANGE 2014,Soccer,U-9,5,999,MARLTON - MEMORIAL,S7,Not Set,Not Listed
2544,MARLTON SOCCER CLUB MARLTON SC CHIEFS ORANGE 2015,Soccer,U-8,5,999,MARLTON - MEMORIAL,S7,Not Set,Not Listed
2591,MARLTON SOCCER CLUB MARLTON SC CHIEFS SILVER 2013,Soccer,U-10,5,999,Not Set,Not Set,Not Set,Not Listed
2601,MARLTON SOCCER CLUB MARLTON SC CHIEFS WHITE 2004,Soccer,U-19,5,999,Not Set,Not Set,Not Set,Not Listed
2199,MARLTON SOCCER CLUB MARLTON SC CHIEFS WHITE 2008,Soccer,U-15,5,999,Not Set,Not Set,Not Set,Not Listed
2274,MARLTON SOCCER CLUB MARLTON SC CHIEFS WHITE 2009,Soccer,U-14,5,999,Not Set,Not Set,Not Set,Not Listed
2386,MARLTON SOCCER CLUB MARLTON SC CHIEFS WHITE 2010,Soccer,U-13,5,999,Not Set,Not Set,Not Set,Not Listed
2328,MARLTON SOCCER CLUB MARLTON SC CHIEFS WHITE 2012,Soccer,U-11,5,999,Not Set,Not Set,Not Set,Not Listed
2452,MARLTON SOCCER CLUB MARLTON SC CHIEFS WHITE 2013,Soccer,U-10,5,999,Not Set,Not Set,Not Set,Not Listed
2345,MARLTON SOCCER CLUB MARLTON SC CHIEFS WHITE 2014,Soccer,U-9,5,999,MARLTON - MEMORIAL,S7,Not Set,Not Listed
3382,MARLTON SOCCER CLUB MARLTON SC CHIEFS WHITE 2015,Soccer,U-8,5,999,Not Set,Not Set,Not Set,Not Set
3093,MATCH FIT EDP/B,Soccer,U-13,5,999,Not Set,Not Set,Not Set,Not Set
3133,MATCH FIT MORRIS EDP/G,Soccer,U-13,5,999,Not Set,Not Set,Not Set,Not Set
3153,MATCH FIT NJYS PRES CUP/G,Soccer,U-14,5,999,Not Set,Not Set,Not Set,Not Set
3180,MEDFORD EDP/G,Soccer,U-12,5,999,Not Set,Not Set,Not Set,Not Set
3206,MEDFORD SC  ARSENAL 2005,Soccer,U-19,5,999,MEDFORD - BENDE PARK,F1,Not Set,Not Set
3269,MEDFORD SC  AVENGERS 2014,Soccer,U-9,5,999,Not Set,Not Set,Not Set,Not Set
3201,MEDFORD SC  BLUE DEVILS 2013,Soccer,U-10,5,999,Not Set,Not Set,Not Set,Not Set
3433,MEDFORD SC  CAROLINA 2014,Soccer,U-9,5,999,Not Set,Not Set,Not Set,Not Set
3432,MEDFORD SC  COLUMBIA 2011,Soccer,U-12,5,999,Not Set,Not Set,Not Set,Not Set
3291,MEDFORD SC  DESTROYERS 2012,Soccer,U-11,5,999,Not Set,Not Set,Not Set,Not Set
3348,MEDFORD SC  GOLD 2009,Soccer,U-14,5,999,MEDFORD - BENDE PARK,F1,Not Set,Not Set
3279,MEDFORD SC  LIGHTNING 2009,Soccer,U-14,5,999,MEDFORD - BENDE PARK,F1,Not Set,Not Set
3406,MEDFORD SC  MAD DOGS WHITE 2010,Soccer,U-13,5,999,MEDFORD - BENDE PARK,F1,Not Set,Not Set
3369,MEDFORD SC  MAYHEM 2013,Soccer,U-10,5,999,Not Set,Not Set,Not Set,Not Set
3446,MEDFORD SC  NAVY 2015,Soccer,U-8,5,999,Not Set,Not Set,Not Set,Not Set
3398,MEDFORD SC  RENEGADES 2011,Soccer,U-12,5,999,Not Set,Not Set,Not Set,Not Set
3511,MEDFORD SC  TIGERS 2006/2007,Soccer,U-17,5,999,MEDFORD - BENDE PARK,F1,Not Set,Not Set
3506,MEDFORD SC  UNION 2013,Soccer,U-10,5,999,MEDFORD - BENDE PARK,S7,Not Set,Not Set
3438,MEDFORD SC  WHITE 2008,Soccer,U-15,5,999,Not Set,Not Set,Not Set,Not Set
3316,MEDFORD SC  WHITE 2015,Soccer,U-8,5,999,Not Set,Not Set,Not Set,Not Set
2264,MEDFORD SC ARSENAL 2005,Soccer,U-19,5,999,MEDFORD - BENDE PARK,F1,Not Set,Not Listed
2672,MEDFORD SC AVENGERS 2014,Soccer,U-9,5,999,Not Set,Not Set,Not Set,Not Listed
2751,MEDFORD SC BLUE 2015,Soccer,U-8,5,999,MEDFORD - BENDE PARK,S7,Not Set,Not Set
2281,MEDFORD SC BLUE DEVILS 2013,Soccer,U-10,5,999,Not Set,Not Set,Not Set,Not Listed
2409,MEDFORD SC COLUMBIA 2011,Soccer,U-12,5,999,MEDFORD - BENDE PARK,S9,Not Set,Not Listed
2306,MEDFORD SC DESTROYERS 2012,Soccer,U-11,5,999,MEDFORD - BENDE PARK,S9,Not Set,Not Listed
3123,MEDFORD SC EDP/B,Soccer,U-14,5,999,Not Set,Not Set,Not Set,Not Set
3160,MEDFORD SC EDP/G,Soccer,U-11,5,999,Not Set,Not Set,Not Set,Not Set
2870,MEDFORD SC GOLD 2009,Soccer,U-14,5,999,Not Set,Not Set,Not Set,Not Set
2939,MEDFORD SC GOLD 2014,Soccer,U-9,5,999,MEDFORD - BENDE PARK,S7,Not Set,Not Set
2283,MEDFORD SC LIGHTNING 2009,Soccer,U-14,5,999,Not Set,Not Set,Not Set,Not Listed
3082,MEDFORD SC MAD DOGS BLUE 2010,Soccer,U-13,5,999,MEDFORD - BENDE PARK,F1,Not Set,Not Set
2203,MEDFORD SC MAD DOGS WHITE 2010,Soccer,U-13,5,999,MEDFORD - BENDE PARK,F1,Not Set,Not Listed
2918,MEDFORD SC MAYHEM 2013,Soccer,U-10,5,999,Not Set,Not Set,Not Set,Not Set
2508,MEDFORD SC RENEGADES 2011,Soccer,U-12,5,999,MEDFORD - BENDE PARK,S9,Not Set,Not Listed
2886,MEDFORD SC TIGERS 2007,Soccer,U-18,5,999,MEDFORD - BENDE PARK,F1,Not Set,Not Set
2839,MEDFORD SC UNION 2013,Soccer,U-10,5,999,MEDFORD - BENDE PARK,S7,Not Set,Not Set
2576,MEDFORD SC WHITE 2008,Soccer,U-15,5,999,MEDFORD - BENDE PARK,F1,Not Set,Not Listed
3051,MEDFORD SC WHITE 2015,Soccer,U-8,5,999,MEDFORD - BENDE PARK,S7,Not Set,Not Set
3094,MEDFORD STRIKERS EDP/G,Soccer,U-10,5,999,Not Set,Not Set,Not Set,Not Set
3084,MEDFORD STRIKERS EDP/G,Soccer,U-11,5,999,Not Set,Not Set,Not Set,Not Set
2486,MEDFORD STRIKERS SC MEDFORD STRIKERS 2011 BOYS,Soccer,U-12,5,999,MEDFORD STRIKERS - ARK ROAD COMPLEX,S9,Not Set,Not Listed
2983,MEDFORD STRIKERS SCMEDFORD STRIKERS 2011 BOYS,Soccer,U-12,5,999,MEDFORD STRIKERS - ARK ROAD COMPLEX,S9,Not Set,Not Set
3167,MERCER UNITED EDP/B,Soccer,U-11,5,999,Not Set,Not Set,Not Set,Not Set
3192,MERCER UNITED EDP/B,Soccer,U-16,5,999,Not Set,Not Set,Not Set,Not Set
3164,MIDDLETON SC EDP/B,Soccer,U-13,5,999,Not Set,Not Set,Not Set,Not Set
2930,MILLVILLE SA LYNX 2012,Soccer,U-11,5,999,MILLVILLE SOCCER COMPLEX,S9,Not Set,Not Set
3361,MILLVILLE SA MILLVILLE LYNX 2012,Soccer,U-11,5,999,Not Set,Not Set,Not Set,Not Set
3404,MILLVILLE SA MILLVILLE RAPTORS 2009,Soccer,U-14,5,999,Not Set,Not Set,Not Set,Not Set
3220,MILLVILLE SA MILLVILLE REBELS,Soccer,U-10,5,999,Not Set,Not Set,Not Set,Not Set
3342,MILLVILLE SA MILLVILLE TWISTERS 2010,Soccer,U-13,5,999,Not Set,Not Set,Not Set,Not Set
3462,MILLVILLE SA MILLVILLE VENOM 2010,Soccer,U-13,5,999,MILLVILLE SOCCER COMPLEX,F1,Not Set,Not Set
2989,MILLVILLE SA RAPTORS 2009,Soccer,U-14,5,999,Not Set,Not Set,Not Set,Not Set
2535,MILLVILLE SA REBELS 2013,Soccer,U-10,5,999,MILLVILLE SOCCER COMPLEX,S7,Not Set,Not Listed
2497,MILLVILLE SA TWISTERS 2010,Soccer,U-13,5,999,Not Set,Not Set,Not Set,Not Listed
3008,MILLVILLE SA VENOM 2010,Soccer,U-13,5,999,Not Set,Not Set,Not Set,Not Set
3175,MLU EDP/G,Soccer,U-14,5,999,Not Set,Not Set,Not Set,Not Set
3105,MLU MAYHAM EDP/B,Soccer,U-14,5,999,Not Set,Not Set,Not Set,Not Set
2845,MONROE TOWNSHIP YS UNITED 2009,Soccer,U-14,5,999,Not Set,Not Set,Not Set,Not Set
2975,MONROE TOWNSHIP YS UNITED 2010,Soccer,U-13,5,999,Not Set,Not Set,Not Set,Not Set
2953,MONROE TOWNSHIP YS UNITED 2012,Soccer,U-11,5,999,Not Set,Not Set,Not Set,Not Set
2812,MONROE TOWNSHIP YS UNITED 2013,Soccer,U-10,5,999,Not Set,Not Set,Not Set,Not Set
2809,MONROE TOWNSHIP YS UNITED 2014,Soccer,U-9,5,999,Not Set,Not Set,Not Set,Not Set
2982,MONROE TOWNSHIP YS UNITED BLUE 2008,Soccer,U-15,5,999,Not Set,Not Set,Not Set,Not Set
3447,MONROE TOWNSHIP YS UNITED BOYS 2011 BLUE,Soccer,U-12,5,999,Not Set,Not Set,Not Set,Not Set
3471,MONROE TOWNSHIP YS UNITED BOYS 2013 BLUE,Soccer,U-10,5,999,Not Set,Not Set,Not Set,Not Set
3388,MONROE TOWNSHIP YS UNITED BOYS 2014 BLUE,Soccer,U-9,5,999,Not Set,Not Set,Not Set,Not Set
3033,MONROE TOWNSHIP YS UNITED BOYS 2015,Soccer,U-8,5,999,MONROE TWP - CORKERY LANE,S7,Not Set,Not Set
2725,MONROE TOWNSHIP YS UNITED BOYS BLUE 2011 ,Soccer,U-12,5,999,MONROE TWP - CORKERY LANE,S9,Not Set,Not Set
2837,MONROE TOWNSHIP YS UNITED BOYS BLUE 2013 ,Soccer,U-10,5,999,MONROE TWP - CORKERY LANE,S7,Not Set,Not Set
2936,MONROE TOWNSHIP YS UNITED BOYS BLUE 2014 ,Soccer,U-9,5,999,MONROE TWP - CORKERY LANE,S7,Not Set,Not Set
2836,MONROE TOWNSHIP YS UNITED WHITE 2011,Soccer,U-12,5,999,Not Set,Not Set,Not Set,Not Set
2401,MOORESTOWN SC AVENGERS 2014,Soccer,U-9,5,999,MOORESTOWN - MEMORIAL FIELDS,S7.2,Not Set,Not Listed
2426,MOORESTOWN SC BLACK DRAGONS 2012,Soccer,U-11,5,999,MOORESTOWN - SALEM RD/PRYOR PARK,S1,Not Set,Not Listed
2343,MOORESTOWN SC BLACK KNIGHTS 2011,Soccer,U-12,5,999,MOORESTOWN - SALEM RD/PRYOR PARK,S1,Not Set,Not Listed
2651,MOORESTOWN SC CHAOS 2011,Soccer,U-12,5,999,Not Set,Not Set,Not Set,Not Listed
2785,MOORESTOWN SC FALCONS 2013,Soccer,U-10,5,999,MOORESTOWN - MEMORIAL FIELDS,S7.2,Not Set,Not Set
2397,MOORESTOWN SC GOLDEN EAGLES 2013,Soccer,U-10,5,999,MOORESTOWN - MEMORIAL FIELDS,S7,Not Set,Not Listed
3013,MOORESTOWN SC GUARDIANS 2014,Soccer,U-9,5,999,MOORESTOWN - MEMORIAL FIELDS,S7,Not Set,Not Set
2542,MOORESTOWN SC LIGHTNING 2012,Soccer,U-11,5,999,MOORESTOWN - SALEM RD/PRYOR PARK,S1,Not Set,Not Listed
2195,MOORESTOWN SC RAPIDS 2008,Soccer,U-15,5,999,CINNAMINSON SC - MEMORIAL,F1,Not Set,Not Listed
2280,MOORESTOWN SC RAPTORS 2013,Soccer,U-10,5,999,MOORESTOWN - MEMORIAL FIELDS,S7,Not Set,Not Listed
3066,MOORESTOWN SC STINGRAYS 2015,Soccer,U-8,5,999,Not Set,Not Set,Not Set,Not Set
3011,MOORESTOWN SC VIPERS 2015,Soccer,U-8,5,999,MOORESTOWN - MEMORIAL FIELDS,S7.2,Not Set,Not Set
3278,MOUNT LAUREL UNITED (MLU) OUNT LAUREL UNITED (MLU),Soccer,U-10,5,999,Not Set,Not Set,Not Set,Not Listed
3370,MOUNT LAUREL UNITED (MLU) OUNT LAUREL UNITED (MLU),Soccer,U-11,5,999,Not Set,Not Set,Not Set,Not Listed
3463,MOUNT LAUREL UNITED (MLU) OUNT LAUREL UNITED (MLU),Soccer,U-12,5,999,MLU-TROTTERS,S9,Not Set,Not Listed
3407,MOUNT LAUREL UNITED (MLU) OUNT LAUREL UNITED (MLU),Soccer,U-13,5,999,Not Set,Not Set,Not Set,Not Listed
3467,MOUNT LAUREL UNITED (MLU) OUNT LAUREL UNITED (MLU),Soccer,U-14,5,999,Not Set,Not Set,Not Set,Not Listed
3229,MOUNT LAUREL UNITED (MLU) OUNT LAUREL UNITED (MLU),Soccer,U-15,5,999,Not Set,Not Set,Not Set,Not Listed
3366,MOUNT LAUREL UNITED (MLU) OUNT LAUREL UNITED (MLU),Soccer,U-8,5,999,Not Set,Not Set,Not Set,Not Listed
3262,MOUNT LAUREL UNITED (MLU) OUNT LAUREL UNITED (MLU),Soccer,U-9,5,999,Not Set,Not Set,Not Set,Not Listed
2322,MOUNT LAUREL UNITED COBRAS 2014,Soccer,U-9,5,999,MLU-TROTTERS,S7.2,Not Set,Not Listed
2289,MOUNT LAUREL UNITED COMETS 2013,Soccer,U-10,5,999,Not Set,Not Set,Not Set,Not Listed
2509,MOUNT LAUREL UNITED FLASH 2011,Soccer,U-12,5,999,Not Set,Not Set,Not Set,Not Listed
2250,MOUNT LAUREL UNITED FORCE 2010,Soccer,U-13,5,999,MLU-TROTTERS,F1,Not Set,Not Listed
2838,MOUNT LAUREL UNITED GALAXY 2013,Soccer,U-10,5,999,Not Set,Not Set,Not Set,Not Set
2394,MOUNT LAUREL UNITED HAWKS 2012,Soccer,U-11,5,999,MLU-TROTTERS,S9,Not Set,Not Listed
2510,MOUNT LAUREL UNITED IMPACT 2012,Soccer,U-11,5,999,MLU-TROTTERS,S9,Not Set,Not Listed
2943,MOUNT LAUREL UNITED KNIGHTS 2015,Soccer,U-8,5,999,MLU-TROTTERS,S7.2,Not Set,Not Set
2215,MOUNT LAUREL UNITED LIGHTNING 2014,Soccer,U-9,5,999,MLU-TROTTERS,S7.2,Not Set,Not Listed
2857,MOUNT LAUREL UNITED STRIKERS 2008,Soccer,U-15,5,999,MLU-TROTTERS,F1,Not Set,Not Set
2253,MOUNT LAUREL UNITED TIGERS 2013,Soccer,U-10,5,999,Not Set,Not Set,Not Set,Not Listed
2290,MOUNT LAUREL UNITED WARRIORS 2011,Soccer,U-12,5,999,MLU-TROTTERS,S9,Not Set,Not Listed
3035,MOUNT LAUREL UNITED WOLFPACK 2015,Soccer,U-8,5,999,MLU-TROTTERS,S7.2,Not Set,Not Set
3184,NEXT LEVEL EDP/B,Soccer,U-13,5,999,Not Set,Not Set,Not Set,Not Set
2154,NEXT LEVEL EDP/G,Soccer,U-13,5,999,Not Set,Not Set,Not Set,Not Set
3101,NEXT LEVEL EDP/G,Soccer,U-14,5,999,Not Set,Not Set,Not Set,Not Set
3177,NORTH PLAINFIELD EDP/B,Soccer,U-15,5,999,Not Set,Not Set,Not Set,Not Set
3158,NORTHEAST CANTOLAO EDP/G,Soccer,U-15,5,999,Not Set,Not Set,Not Set,Not Set
3208,NORTHERN BURLINGTON SA  BLAST 2010,Soccer,U-13,5,999,NB- MANSFIELD TOWNSHIP ELEMENTARY SCHOOL,F1,Not Set,Not Set
3371,NORTHERN BURLINGTON SA  BLUE DEVILS II 2014,Soccer,U-9,5,999,Not Set,Not Set,Not Set,Not Set
3343,NORTHERN BURLINGTON SA  BLUE LEGENDS 2007,Soccer,U-16,5,999,NB- MANSFIELD TOWNSHIP ELEMENTARY SCHOOL,F1,Not Set,Not Set
3368,NORTHERN BURLINGTON SA  BLUES 2013,Soccer,U-10,5,999,NB- MANSFIELD TOWNSHIP ELEMENTARY SCHOOL,S7,Not Set,Not Set
3274,NORTHERN BURLINGTON SA  BULLDOGS 2009,Soccer,U-14,5,999,NB- MANSFIELD TOWNSHIP ELEMENTARY SCHOOL,F1,Not Set,Not Set
3251,NORTHERN BURLINGTON SA  HOOLIGANS 2011,Soccer,U-12,5,999,NB- MANSFIELD TOWNSHIP ELEMENTARY SCHOOL,S9,Not Set,Not Set
3303,NORTHERN BURLINGTON SA  RANGERS 2012,Soccer,U-11,5,999,NB- MANSFIELD TOWNSHIP ELEMENTARY SCHOOL,S9,Not Set,Not Set
2213,NORTHERN BURLINGTON SA BLAST 2010,Soccer,U-13,5,999,NB- MANSFIELD TOWNSHIP ELEMENTARY SCHOOL,F1,Not Set,Not Listed
3053,NORTHERN BURLINGTON SA BLUE DEVILS II 2014,Soccer,U-9,5,999,NB- MANSFIELD TOWNSHIP ELEMENTARY SCHOOL,S7,Not Set,Not Set
2949,NORTHERN BURLINGTON SA BLUES 2013,Soccer,U-10,5,999,NB- MANSFIELD TOWNSHIP ELEMENTARY SCHOOL,S7,Not Set,Not Set
2353,NORTHERN BURLINGTON SA BULLDOGS 2009,Soccer,U-14,5,999,NB- MANSFIELD TOWNSHIP ELEMENTARY SCHOOL,F1,Not Set,Not Listed
2474,NORTHERN BURLINGTON SA HOOLIGANS 2011,Soccer,U-12,5,999,NB- MANSFIELD TOWNSHIP ELEMENTARY SCHOOL,S9,Not Set,Not Listed
2828,NORTHERN BURLINGTON SA JACKALS 2014,Soccer,U-9,5,999,NB- MANSFIELD TOWNSHIP ELEMENTARY SCHOOL,S7,Not Set,Not Set
3257,NORTHERN BURLINGTON SA NORTHERN BURLINGTON BOOM 20,Soccer,U-8,5,999,Not Set,Not Set,Not Set,Not Listed
2341,NORTHERN BURLINGTON SA NORTHERN BURLINGTON JACKALS,Soccer,U-9,5,999,Not Set,Not Set,Not Set,Not Listed
2231,NORTHERN BURLINGTON SA RANGERS 2012,Soccer,U-11,5,999,NB- MANSFIELD TOWNSHIP ELEMENTARY SCHOOL,S9,Not Set,Not Listed
2947,OAKLYN SOCCER CLUB ROVERS 2013,Soccer,U-10,5,999,OAKLYN - Oaklyn Public School,OAKLYN PUBLIC SCHOOL,Not Set,Not Set
3018,OAKLYN SOCCER CLUB VENOM 2014,Soccer,U-9,5,999,OAKLYN - Oaklyn Public School,OAKLYN PUBLIC SCHOOL,Not Set,Not Set
3176,OCEAN TWP EDP/G,Soccer,U-12,5,999,Not Set,Not Set,Not Set,Not Set
3157,OCEAN TWP. REVOLUTIOIN EDP/G,Soccer,U-15,5,999,Not Set,Not Set,Not Set,Not Set
2784,PALMYRA RIVERTON SC B 2014,Soccer,U-9,5,999,Not Set,Not Set,Not Set,Not Set
3041,PALMYRA RIVERTON SC B 2015,Soccer,U-8,5,999,Pal-Riv Charles Street School,S7,Not Set,Not Set
2763,PALMYRA RIVERTON SC FLASH 2007,Soccer,U-16,5,999,Not Set,Not Set,Not Set,Not Set
3022,PALMYRA RIVERTON SC HURRICANES 2013,Soccer,U-10,5,999,Not Set,Not Set,Not Set,Not Set
3218,PALMYRA RIVERTON SC NATIONALS 2015,Soccer,U-8,5,999,Not Set,Not Set,Not Set,Not Set
3260,PALMYRA RIVERTON SC TORNADOES 2014,Soccer,U-9,5,999,Not Set,Not Set,Not Set,Not Set
2877,PALMYRA RIVERTON SC UNION 2010,Soccer,U-13,5,999,Not Set,Not Set,Not Set,Not Set
2924,PALMYRA RIVERTON SC WARRIORS 2011,Soccer,U-12,5,999,Pal-Riv Charles Street School,S9,Not Set,Not Set
2959,PALMYRA RIVERTON SC YOUNGBLOODS 2013,Soccer,U-10,5,999,Not Set,Not Set,Not Set,Not Listed
3091,PALUMBO ICSL/B,Soccer,U-12,5,999,COLLINGSWOOD - KROC CENTER,FS,Not Set,Not Set
3172,PDA SOUTH EDP/G,Soccer,U-11,5,999,Not Set,Not Set,Not Set,Not Set
3142,PDA SPIRIT EDP/G,Soccer,U-10,5,999,Not Set,Not Set,Not Set,Not Set
3494,PEMBERTON SC  PUNISHERS 2011,Soccer,U-12,5,999,PEMBERTON - HIGH SCHOOL,F1,Not Set,Not Set
3478,PENNS GROVE SC  HEAT 2009,Soccer,U-14,5,999,PG-CP-PED- Carney's Point Rec Center,F1,Not Set,Not Set
3329,PENNS GROVE SC  RAGE 2011,Soccer,U-12,5,999,Not Set,Not Set,Not Set,Not Set
3409,PENNS GROVE SC  STORM 2006,Soccer,U-19,5,999,Not Set,Not Set,Not Set,Not Set
2258,PENNS GROVE SC HEAT 2009,Soccer,U-14,5,999,PG-CP-PED- Carney's Point Rec Center,F1,Not Set,Not Listed
3412,PENNS GROVE SC PENNS GROVE WILD 2013,Soccer,U-10,5,999,Not Set,Not Set,Not Set,Not Set
2480,PENNS GROVE SC RAGE 2011,Soccer,U-12,5,999,PG-CP-PED- Carney's Point Rec Center,S9,Not Set,Not Listed
2218,PENNS GROVE SC STORM 2006,Soccer,U-18,5,999,Not Set,Not Set,Not Set,Not Listed
3043,PENNS GROVE SCPENNS GROVE RAPTORS 2014,Soccer,U-9,5,999,PG-CP-PED- Carney's Point Rec Center,S7,Not Set,Not Set
2853,PENNS GROVE SCPENNS GROVE THUNDER 2009,Soccer,U-14,5,999,PG-CP-PED- Carney's Point Rec Center,F1,Not Set,Not Set
2934,PENNS GROVE SCPENNS GROVE WILD 2013,Soccer,U-10,5,999,PG-CP-PED- Carney's Point Rec Center,S7,Not Set,Not Set
3054,PENNSAUKEN YOUTH SOCCER CLUB AVENGERS 2014,Soccer,U-9,5,999,Not Set,Not Set,Not Set,Not Set
2723,PENNSAUKEN YOUTH SOCCER CLUB CYCLONES 2010,Soccer,U-13,5,999,Not Set,Not Set,Not Set,Not Set
2746,PENNSAUKEN YOUTH SOCCER CLUB FURY 2008,Soccer,U-15,5,999,Pennsauken Community Recreation Facility,F1,Not Set,Not Set
2744,PENNSAUKEN YOUTH SOCCER CLUB HURRICANES 2010,Soccer,U-13,5,999,Not Set,Not Set,Not Set,Not Set
3224,PENNSAUKEN YOUTH SOCCER CLUB LIONS 2015,Soccer,U-8,5,999,Not Set,Not Set,Not Set,Not Set
2999,PENNSAUKEN YOUTH SOCCER CLUB REBELS 2013,Soccer,U-10,5,999,Not Set,Not Set,Not Set,Not Set
2863,PENNSAUKEN YOUTH SOCCER CLUB STORM 2009,Soccer,U-14,5,999,Pennsauken Community Recreation Facility,F1,Not Set,Not Set
3005,PENNSAUKEN YOUTH SOCCER CLUB WARRIORS 2011,Soccer,U-12,5,999,Pennsauken Community Recreation Facility,S7,Not Set,Not Set
3078,PENNSAUKEN YOUTH SOCCER CLUB WOLF PACK 2008,Soccer,U-15,5,999,Pennsauken Community Recreation Facility,F1,Not Set,Not Set
2866,PENNSVILLE SOCCER ASSOCIATION EAGLES 2010,Soccer,U-13,5,999,Not Set,Not Set,Not Set,Not Set
3057,PENNSVILLE SOCCER ASSOCIATION EAGLES 2012,Soccer,U-11,5,999,Not Set,Not Set,Not Set,Not Set
2948,PENNSVILLE SOCCER ASSOCIATION EAGLES 2013,Soccer,U-10,5,999,Not Set,Not Set,Not Set,Not Set
2846,PENNSVILLE SOCCER ASSOCIATION EAGLES 2014,Soccer,U-9,5,999,PENNSVILLE,S7,Not Set,Not Set
2735,PENNSVILLE SOCCER ASSOCIATION HAWKS 2010,Soccer,U-13,5,999,PENNSVILLE,F1,Not Set,Not Set
3514,PITMAN SA  BENGALS 2014,Soccer,U-9,5,999,PITMAN - Dell,Pitman - Dell,Not Set,Not Set
3469,PITMAN SA  JAGUARS 2012,Soccer,U-11,5,999,Not Set,Not Set,Not Set,Not Set
3225,PITMAN SA  LIONS 2009,Soccer,U-14,5,999,PITMAN - ALCYON LAKE,F1,Not Set,Not Set
3241,PITMAN SA  PUMAS 2011,Soccer,U-12,5,999,Not Set,Not Set,Not Set,Not Set
3497,PITMAN SA  TIGERS 2013,Soccer,U-10,5,999,Not Set,Not Set,Not Set,Not Set
3513,PITMAN SA  TOMCATS 2013,Soccer,U-10,5,999,Not Set,Not Set,Not Set,Not Set
3318,PITMAN SA  WILDCATS 2015,Soccer,U-8,5,999,Not Set,Not Set,Not Set,Not Set
2673,PITMAN SA BENGALS 2014,Soccer,U-9,5,999,PITMAN - Dell,Pitman - Dell,Not Set,Not Listed
2854,PITMAN SA BOBCATS 2009,Soccer,U-14,5,999,Not Set,Not Set,Not Set,Not Set
2541,PITMAN SA JAGUARS 2012,Soccer,U-11,5,999,Not Set,Not Set,Not Set,Not Listed
2461,PITMAN SA PUMAS 2011,Soccer,U-12,5,999,Not Set,Not Set,Not Set,Not Listed
2614,PITMAN SA TIGERS 2013,Soccer,U-10,5,999,PITMAN - Dell,Pitman - Dell,Not Set,Not Listed
2391,PITMAN SA TOMCATS 2013,Soccer,U-10,5,999,Not Set,Not Set,Not Set,Not Listed
3012,PITMAN SA WILDCATS 2015,Soccer,U-8,5,999,Not Set,Not Set,Not Set,Not Set
2974,PITTSGROVE SOCCER CLUB CRUSH 2010,Soccer,U-13,5,999,PITTSGROVE-GREEN BRANCH,F1,Not Set,Not Set
2760,PITTSGROVE SOCCER CLUB DRAGONS 2013,Soccer,U-10,5,999,PITTSGROVE-GREEN BRANCH,S7,Not Set,Not Set
2741,PITTSGROVE SOCCER CLUB FLYERS BLACK 2014,Soccer,U-9,5,999,Not Set,Not Set,Not Set,Not Set
3048,PITTSGROVE SOCCER CLUB FLYERS GREEN 2014,Soccer,U-9,5,999,Not Set,Not Set,Not Set,Not Set
2869,PITTSGROVE SOCCER CLUB FORCE 2009,Soccer,U-14,5,999,PITTSGROVE-GREEN BRANCH,F1,Not Set,Not Set
2731,PITTSGROVE SOCCER CLUB JUVENTUS 2007,Soccer,U-16,5,999,PITTSGROVE-GREEN BRANCH,F1,Not Set,Not Set
3058,PITTSGROVE SOCCER CLUB MAVERICKS 2014,Soccer,U-9,5,999,PITTSGROVE-GREEN BRANCH,S7,Not Set,Not Set
2813,PITTSGROVE SOCCER CLUB PHANTOMS 2014,Soccer,U-9,5,999,Not Set,Not Set,Not Set,Not Set
3323,PITTSGROVE SOCCER CLUB PSC CRUSH 2010,Soccer,U-13,5,999,Not Set,Not Set,Not Set,Not Set
3309,PITTSGROVE SOCCER CLUB PSC DRAGONS 2013,Soccer,U-10,5,999,Not Set,Not Set,Not Set,Not Set
3250,PITTSGROVE SOCCER CLUB PSC FLYERS BLACK 2014,Soccer,U-9,5,999,Not Set,Not Set,Not Set,Not Set
3517,PITTSGROVE SOCCER CLUB PSC FLYERS GREEN 2014,Soccer,U-9,5,999,PITTSGROVE-GREEN BRANCH,S7,Not Set,Not Set
3509,PITTSGROVE SOCCER CLUB PSC FORCE '09,Soccer,U-14,5,999,Not Set,Not Set,Not Set,Not Set
3420,PITTSGROVE SOCCER CLUB PSC JUVENTUS '07,Soccer,U-17,5,999,Not Set,Not Set,Not Set,Not Set
3347,PITTSGROVE SOCCER CLUB PSC MAVERICKS 2014,Soccer,U-9,5,999,Not Set,Not Set,Not Set,Not Set
3474,PITTSGROVE SOCCER CLUB PSC PHANTOMS 2014,Soccer,U-9,5,999,Not Set,Not Set,Not Set,Not Set
3375,PITTSGROVE SOCCER CLUB PSC PYTHONS '13,Soccer,U-10,5,999,Not Set,Not Set,Not Set,Not Set
3379,PITTSGROVE SOCCER CLUB PSC REBELS '12,Soccer,U-11,5,999,Not Set,Not Set,Not Set,Not Set
3354,PITTSGROVE SOCCER CLUB PSC REVOLUTION 2013,Soccer,U-10,5,999,Not Set,Not Set,Not Set,Not Set
3197,PITTSGROVE SOCCER CLUB PSC SPURS '12,Soccer,U-11,5,999,Not Set,Not Set,Not Set,Not Set
3488,PITTSGROVE SOCCER CLUB PSC WARRIORS 2012,Soccer,U-11,5,999,Not Set,Not Set,Not Set,Not Set
3507,PITTSGROVE SOCCER CLUB PSC WOLVES 2011,Soccer,U-12,5,999,Not Set,Not Set,Not Set,Not Set
2827,PITTSGROVE SOCCER CLUB PYTHONS 2013,Soccer,U-10,5,999,PITTSGROVE-GREEN BRANCH,S7,Not Set,Not Set
2764,PITTSGROVE SOCCER CLUB REBELS 2012,Soccer,U-11,5,999,PITTSGROVE-GREEN BRANCH,S9,Not Set,Not Set
2932,PITTSGROVE SOCCER CLUB REVOLUTION 2013,Soccer,U-10,5,999,PITTSGROVE-GREEN BRANCH,S7,Not Set,Not Set
2712,PITTSGROVE SOCCER CLUB SPURS 2012,Soccer,U-11,5,999,PITTSGROVE-GREEN BRANCH,S9,Not Set,Not Set
2798,PITTSGROVE SOCCER CLUB WARRIORS 2012,Soccer,U-11,5,999,Not Set,Not Set,Not Set,Not Set
2824,PITTSGROVE SOCCER CLUB WOLVES 2011,Soccer,U-12,5,999,Not Set,Not Set,Not Set,Not Set
3155,PRINCETON FC EDP/B,Soccer,U-14,5,999,Not Set,Not Set,Not Set,Not Set
3156,PSA EDP/G,Soccer,U-14,5,999,Not Set,Not Set,Not Set,Not Set
3183,RANCOCAS VALLEY EDP/G,Soccer,U-15,5,999,Not Set,Not Set,Not Set,Not Set
3505,RANCOCAS VALLEY SC  2014 - CELTIC,Soccer,U-9,5,999,Not Set,Not Set,Not Set,Not Set
3491,RANCOCAS VALLEY SC  AVENGERS 2012,Soccer,U-11,5,999,Not Set,Not Set,Not Set,Not Set
3489,RANCOCAS VALLEY SC  BOYS STEALTH 2015,Soccer,U-8,5,999,Not Set,Not Set,Not Set,Not Set
3518,RANCOCAS VALLEY SC  MESSI 2013,Soccer,U-10,5,999,Not Set,Not Set,Not Set,Not Set
3267,RANCOCAS VALLEY SC  REBELS 2009,Soccer,U-14,5,999,Not Set,Not Set,Not Set,Not Set
3484,RANCOCAS VALLEY SC  RED DEVILS 2011,Soccer,U-12,5,999,Not Set,Not Set,Not Set,Not Set
3461,RANCOCAS VALLEY SC  RONALDO 2013,Soccer,U-10,5,999,Not Set,Not Set,Not Set,Not Set
3515,RANCOCAS VALLEY SC  UNION 2010,Soccer,U-13,5,999,Not Set,Not Set,Not Set,Not Set
2439,RANCOCAS VALLEY SC AVENGERS 2012,Soccer,U-11,5,999,Not Set,Not Set,Not Set,Not Listed
2966,RANCOCAS VALLEY SC BOYS 2015,Soccer,U-8,5,999,Rancocas Vallley-HAINESPORT MUNICIPAL PARK,S7,Not Set,Not Set
2855,RANCOCAS VALLEY SC CELTIC 2014,Soccer,U-9,5,999,Rancocas Vallley-HAINESPORT MUNICIPAL PARK,S7,Not Set,Not Set
2611,RANCOCAS VALLEY SC MESSI 2013,Soccer,U-10,5,999,Not Set,Not Set,Not Set,Not Listed
2645,RANCOCAS VALLEY SC RANCOCAS VALLEY RED DEVILS 2010,Soccer,U-13,5,999,Rancocas Valley-LUMBERTON BRYAN FREEMAN PRK,F1,Not Set,Not Listed
2603,RANCOCAS VALLEY SC REBELS 2009,Soccer,U-14,5,999,Rancocas Vallley-HAINESPORT MUNICIPAL PARK,F1,Not Set,Not Listed
2600,RANCOCAS VALLEY SC RED DEVILS 2011,Soccer,U-12,5,999,Rancocas Vallley-HAINESPORT MUNICIPAL PARK,S9,Not Set,Not Listed
2730,RANCOCAS VALLEY SC RONALDO 2013,Soccer,U-10,5,999,Not Set,Not Set,Not Set,Not Set
2617,RANCOCAS VALLEY SC UNION 2010,Soccer,U-13,5,999,Rancocas Vallley-HAINESPORT MUNICIPAL PARK,F1,Not Set,Not Listed
2849,RANCOCAS VALLEY SCRANCOCAS VALLEY RED DEVILS 2010,Soccer,U-13,5,999,Rancocas Vallley-HAINESPORT MUNICIPAL PARK,F1,Not Set,Not Set
3109,RIVERFRONT UNITED EDP/G,Soccer,U-15,5,999,Not Set,Not Set,Not Set,Not Set
3146,ROSE TREE EDP/G,Soccer,U-14,5,999,Not Set,Not Set,Not Set,Not Set
3182,ROSELLE PARK EDP/B,Soccer,U-15,5,999,Not Set,Not Set,Not Set,Not Set
3111,RYSA EDP/B,Soccer,U-15,5,999,Not Set,Not Set,Not Set,Not Set
3118,RYSA WILDCATS EDP/G,Soccer,U-13,5,999,Not Set,Not Set,Not Set,Not Set
3116,RYSA Wildcats EDP/G,Soccer,U-14,5,999,Not Set,Not Set,Not Set,Not Set
3405,SENECA UNITED SC 2009 EAGLES,Soccer,U-14,5,999,Not Set,Not Set,Not Set,Not Set
3374,SENECA UNITED SC 2011 WARRIORS,Soccer,U-12,5,999,SENECA - STONEY CREEK FIELDS,S9,Not Set,Not Set
3297,SENECA UNITED SC 2012 DESTROYERS,Soccer,U-11,5,999,SENECA - STONEY CREEK FIELDS,S9,Not Set,Not Set
3500,SENECA UNITED SC 2012 PRIDE,Soccer,U-11,5,999,SENECA - STONEY CREEK FIELDS,S9,Not Set,Not Set
3508,SENECA UNITED SC 2013 TIGERS,Soccer,U-10,5,999,Not Set,Not Set,Not Set,Not Set
3255,SENECA UNITED SC 2014 THUNDER,Soccer,U-9,5,999,SENECA - STONEY CREEK FIELDS,S7,Not Set,Not Set
3069,SENECA UNITED SC DESTROYERS 2012 ,Soccer,U-11,5,999,SENECA - STONEY CREEK FIELDS,S9,Not Set,Not Set
2791,SENECA UNITED SC EAGLES 2009 ,Soccer,U-14,5,999,SENECA - STONEY CREEK FIELDS,F1,Not Set,Not Set
2956,SENECA UNITED SC PRIDE 2012 ,Soccer,U-11,5,999,SENECA - STONEY CREEK FIELDS,S9,Not Set,Not Set
2961,SENECA UNITED SC SCREAMING EAGLES 2010,Soccer,U-13,5,999,Not Set,Not Set,Not Set,Not Set
3060,SENECA UNITED SC THUNDER 2014 ,Soccer,U-9,5,999,SENECA - STONEY CREEK FIELDS,S7,Not Set,Not Set
2928,SENECA UNITED SC TIGERS 2013 ,Soccer,U-10,5,999,SENECA - STONEY CREEK FIELDS,S7,Not Set,Not Set
2896,SENECA UNITED SC WARRIORS 2011 ,Soccer,U-12,5,999,Not Set,Not Set,Not Set,Not Set
3165,SJEB EDP/G,Soccer,U-12,5,999,Not Set,Not Set,Not Set,Not Set
2047,SJEB EDP/G,Soccer,U-13,5,999,Not Set,Not Set,Not Set,Not Set
3140,SJEB NJYS PRES CUP/G,Soccer,U-13,5,999,Not Set,Not Set,Not Set,Not Set
3006,SOUTH HARRISON SOCCER CLUB AVENGERS 2010,Soccer,U-13,5,999,Not Set,Not Set,Not Set,Not Set
2786,SOUTH HARRISON SOCCER CLUB GUNNERS 2013,Soccer,U-10,5,999,Not Set,Not Set,Not Set,Not Set
2847,SOUTH HARRISON SOCCER CLUB RENEGADES 2014,Soccer,U-9,5,999,Not Set,Not Set,Not Set,Not Set
2926,SOUTH HARRISON SOCCER CLUB STRIKERS 2012,Soccer,U-11,5,999,Not Set,Not Set,Not Set,Not Set
2885,SWEDESBORO WOOLWICH SOCCER ASSOC. BLACK MAMBAS 201,Soccer,U-13,5,999,Not Set,Not Set,Not Set,Not Listed
3026,SWEDESBORO WOOLWICH SOCCER ASSOC. CYCLONES 2012/20,Soccer,U-11,5,999,Not Set,Not Set,Not Set,Not Listed
2724,SWEDESBORO WOOLWICH SOCCER ASSOC. DRAGONS 2014,Soccer,U-9,5,999,Not Set,Not Set,Not Set,Not Set
2742,SWEDESBORO WOOLWICH SOCCER ASSOC. FORCE 2009,Soccer,U-14,5,999,Not Set,Not Set,Not Set,Not Set
3009,SWEDESBORO WOOLWICH SOCCER ASSOC. LIGHTNING 2014,Soccer,U-9,5,999,SW-Locke Avenue Park,S1,Not Set,Not Set
2800,SWEDESBORO WOOLWICH SOCCER ASSOC. RED FLAMES 2011,Soccer,U-12,5,999,SW-Locke Avenue Park,FS,Not Set,Not Set
2879,SWEDESBORO WOOLWICH SOCCER ASSOC. ROVERS 2013,Soccer,U-10,5,999,Not Set,Not Set,Not Set,Not Set
2842,SWEDESBORO WOOLWICH SOCCER ASSOC. SCORPIONS 2008,Soccer,U-15,5,999,Not Set,Not Set,Not Set,Not Set
2901,SWEDESBORO WOOLWICH SOCCER ASSOC. SHARKS 2012,Soccer,U-11,5,999,SW-Locke Avenue Park,FS,Not Set,Not Set
2944,SWEDESBORO WOOLWICH SOCCER ASSOC. STRIKERS 2015,Soccer,U-8,5,999,Not Set,Not Set,Not Set,Not Set
3322,SWEDESBORO WOOLWICH SOCCER ASSOC. SWSA BLACK MAMBA,Soccer,U-13,5,999,SW-Locke Avenue Park,F1,Not Set,Not Listed
3492,SWEDESBORO WOOLWICH SOCCER ASSOC. SWSA CYCLONES 20,Soccer,U-11,5,999,SW-High Hill West Park,W1,Not Set,Not Listed
3453,SWEDESBORO WOOLWICH SOCCER ASSOC. SWSA DRAGONS 201,Soccer,U-9,5,999,SW-High Hill West Park,S1,Not Set,Not Listed
3216,SWEDESBORO WOOLWICH SOCCER ASSOC. SWSA FORCE 2009,Soccer,U-14,5,999,SW-Locke Avenue Park,F1,Not Set,Not Set
3510,SWEDESBORO WOOLWICH SOCCER ASSOC. SWSA LIGHTNING 2,Soccer,U-9,5,999,Not Set,Not Set,Not Set,Not Listed
3276,SWEDESBORO WOOLWICH SOCCER ASSOC. SWSA RED FLAMES ,Soccer,U-12,5,999,SW-High Hill West Park,W1,Not Set,Not Listed
3435,SWEDESBORO WOOLWICH SOCCER ASSOC. SWSA ROVERS 2013,Soccer,U-10,5,999,Not Set,Not Set,Not Set,Not Set
3394,SWEDESBORO WOOLWICH SOCCER ASSOC. SWSA SCORPIONS 2,Soccer,U-15,5,999,SW-Locke Avenue Park,F1,Not Set,Not Listed
3512,SWEDESBORO WOOLWICH SOCCER ASSOC. SWSA SHARKS 2012,Soccer,U-11,5,999,Not Set,Not Set,Not Set,Not Set
3502,SWEDESBORO WOOLWICH SOCCER ASSOC. SWSA STRIKERS 20,Soccer,U-8,5,999,Not Set,Not Set,Not Set,Not Listed
2858,SWEDESBORO WOOLWICH SOCCER ASSOC.BOYS 2008,Soccer,U-15,5,999,Not Set,Not Set,Not Set,Not Set
3152,SWSA DEVILS NJYS PRES CUP/B,Soccer,U-11,5,999,Not Set,Not Set,Not Set,Not Set
3122,SWSA SWAT EDP/B,Soccer,U-14,5,999,SW-Locke Avenue Park,F1,Not Set,Not Set
3096,TAR KILL EDP/G,Soccer,U-14,5,999,TARKILL-STERLING HS,F1,Not Set,Not Set
3002,TAR-KILL SOCCER CLUB BARCELONA 2012,Soccer,U-11,5,999,TARKILL-STERLING HS,F2,Not Set,Not Set
2875,TAR-KILL SOCCER CLUB BLUE DEVILS 2009,Soccer,U-14,5,999,Not Set,Not Set,Not Set,Not Set
2711,TAR-KILL SOCCER CLUB BLUE DRAGONS 2008,Soccer,U-15,5,999,Not Set,Not Set,Not Set,Not Set
3036,TAR-KILL SOCCER CLUB BOYS 2015 ,Soccer,U-8,5,999,Not Set,Not Set,Not Set,Not Set
3049,TAR-KILL SOCCER CLUB CHELSEA 2014,Soccer,U-9,5,999,TARKILL-STERLING HS,S1,Not Set,Not Set
2803,TAR-KILL SOCCER CLUB KNIGHTS 2013,Soccer,U-10,5,999,Not Set,Not Set,Not Set,Not Set
2806,TAR-KILL SOCCER CLUB LIVERPOOL 2012,Soccer,U-11,5,999,TARKILL-STERLING HS,F2,Not Set,Not Set
2921,TAR-KILL SOCCER CLUB SPURS 2014 ,Soccer,U-9,5,999,TARKILL-STERLING HS,S1,Not Set,Not Set
3326,TAR-KILL SOCCER CLUB TARKILL 2011,Soccer,U-12,5,999,TARKILL-STERLING HS,F2,Not Set,Not Set
3219,TAR-KILL SOCCER CLUB TARKILL 2015 BLUES,Soccer,U-8,5,999,Not Set,Not Set,Not Set,Not Set
3386,TAR-KILL SOCCER CLUB TARKILL BARCELONA,Soccer,U-11,5,999,Not Set,Not Set,Not Set,Not Set
3248,TAR-KILL SOCCER CLUB TARKILL BLUE DEVILS 2009,Soccer,U-14,5,999,TARKILL-STERLING HS,F1,Not Set,Not Set
3395,TAR-KILL SOCCER CLUB TARKILL BLUE DRAGONS,Soccer,U-15,5,999,Not Set,Not Set,Not Set,Not Set
3468,TAR-KILL SOCCER CLUB TARKILL CHELSEA 2014,Soccer,U-9,5,999,Not Set,Not Set,Not Set,Not Set
3482,TAR-KILL SOCCER CLUB TARKILL KNIGHTS 2013,Soccer,U-10,5,999,TARKILL-STERLING HS,S1,Not Set,Not Set
3247,TAR-KILL SOCCER CLUB TARKILL LIVERPOOL 2012,Soccer,U-11,5,999,Not Set,Not Set,Not Set,Not Set
2883,TAR-KILL SOCCER CLUB TITANS 2010,Soccer,U-13,5,999,Not Set,Not Set,Not Set,Not Set
2898,TAR-KILL SOCCER CLUBTARKILL RAPTORS 2011,Soccer,U-12,5,999,TARKILL-STERLING HS,F2,Not Set,Not Set
3465,TBAA  BENGALS 2012,Soccer,U-11,5,999,Not Set,Not Set,Not Set,Not Set
3207,TBAA  COSMOS 2005,Soccer,U-19,5,999,Not Set,Not Set,Not Set,Not Set
3332,TBAA  DYNAMO 2010,Soccer,U-13,5,999,Not Set,Not Set,Not Set,Not Set
3234,TBAA  JAGUARS 2012,Soccer,U-11,5,999,Not Set,Not Set,Not Set,Not Set
3425,TBAA  OUTLAWS 2014,Soccer,U-9,5,999,Not Set,Not Set,Not Set,Not Set
3302,TBAA  REVOLUTION 2014,Soccer,U-9,5,999,Not Set,Not Set,Not Set,Not Set
3365,TBAA  REVOLUTION 2015,Soccer,U-8,5,999,Not Set,Not Set,Not Set,Not Set
3299,TBAA  STORM 2009,Soccer,U-14,5,999,Not Set,Not Set,Not Set,Not Set
3313,TBAA  TITANS 2011,Soccer,U-12,5,999,Not Set,Not Set,Not Set,Not Set
3423,TBAA  UNION 2013,Soccer,U-10,5,999,TBAA-VALLEY BROOK,S7,Not Set,Not Set
2906,TBAA BENGALS 2012,Soccer,U-11,5,999,Not Set,Not Set,Not Set,Not Set
2602,TBAA COSMOS 2005,Soccer,U-19,5,999,TBAA-VALLEY BROOK,F2,Not Set,Not Listed
2377,TBAA DYNAMO 2010,Soccer,U-13,5,999,Not Set,Not Set,Not Set,Not Listed
2305,TBAA JAGUARS 2012,Soccer,U-11,5,999,Not Set,Not Set,Not Set,Not Listed
3097,TBAA LIGHTNING EDP/G,Soccer,U-12,5,999,TBAA-VALLEY BROOK,F1,Not Set,Not Set
3145,TBAA MINIONS EDP/G,Soccer,U-14,5,999,TBAA-VALLEY BROOK,F1,Not Set,Not Set
3131,TBAA MINIONS NJYS PRES CUP/G,Soccer,U-14,5,999,TBAA-VALLEY BROOK,F1,Not Set,Not Set
2595,TBAA MUSTANGS 2007,Soccer,U-16,5,999,Not Set,Not Set,Not Set,Not Listed
2246,TBAA OUTLAWS 2014,Soccer,U-9,5,999,Not Set,Not Set,Not Set,Not Listed
2822,TBAA OUTLAWS 2015,Soccer,U-8,5,999,TBAA-VALLEY BROOK,S7,Not Set,Not Set
2765,TBAA RAMPAGE 2004,Soccer,U-19,5,999,Not Set,Not Set,Not Set,Not Set
3019,TBAA REVOLUTION 2014,Soccer,U-9,5,999,Not Set,Not Set,Not Set,Not Set
3038,TBAA REVOLUTION 2015,Soccer,U-8,5,999,Not Set,Not Set,Not Set,Not Set
2664,TBAA STORM 2009,Soccer,U-14,5,999,Not Set,Not Set,Not Set,Not Listed
2515,TBAA TITANS 2011,Soccer,U-12,5,999,Not Set,Not Set,Not Set,Not Listed
2247,TBAA UNION 2013,Soccer,U-10,5,999,TBAA-VALLEY BROOK,S7,Not Set,Not Listed
3143,THE SOCCER ACADEMY EDP/B,Soccer,U-15,5,999,Not Set,Not Set,Not Set,Not Set
3174,TOMS RIVER EDP/G,Soccer,U-12,5,999,Not Set,Not Set,Not Set,Not Set
3115,TOMS RIVER EDP/G,Soccer,U-14,5,999,Not Set,Not Set,Not Set,Not Set
3132,TOMS RIVER NJYS PRES CUP/G,Soccer,U-14,5,999,Not Set,Not Set,Not Set,Not Set
3280,UPPER TOWNSHIP SA  AVALANCHE 2009,Soccer,U-14,5,999,Not Set,Not Set,Not Set,Not Set
3498,UPPER TOWNSHIP SA  FORCE GREEN 2012,Soccer,U-11,5,999,UPPER TWP-Amanda's Field Complex,S9,Not Set,Not Set
3352,UPPER TOWNSHIP SA  HURRICANES GREEN 2014,Soccer,U-9,5,999,UPPER TWP-Amanda's Field Complex,S7,Not Set,Not Set
3311,UPPER TOWNSHIP SA  HURRICANES WHITE 2014,Soccer,U-9,5,999,Not Set,Not Set,Not Set,Not Set
3264,UPPER TOWNSHIP SA  RIPTIDE 2010,Soccer,U-13,5,999,UPPER TWP-Amanda's Field Complex,F1,Not Set,Not Set
3417,UPPER TOWNSHIP SA  ROLLING THUNDER 2013,Soccer,U-10,5,999,Not Set,Not Set,Not Set,Not Set
3399,UPPER TOWNSHIP SA  SUPER SONICS 2015,Soccer,U-8,5,999,UPPER TWP-Amanda's Field Complex,S7,Not Set,Not Set
3377,UPPER TOWNSHIP SA  TSUNAMIS 2011,Soccer,U-12,5,999,Not Set,Not Set,Not Set,Not Set
2354,UPPER TOWNSHIP SA AVALANCHE 2009,Soccer,U-14,5,999,Not Set,Not Set,Not Set,Not Listed
2261,UPPER TOWNSHIP SA FORCE GREEN 2012,Soccer,U-11,5,999,Not Set,Not Set,Not Set,Not Listed
2490,UPPER TOWNSHIP SA HURRICANES 2014,Soccer,U-9,5,999,UPPER TWP-Amanda's Field Complex,S7,Not Set,Not Listed
3056,UPPER TOWNSHIP SA HURRICANES WHITE 2014,Soccer,U-9,5,999,Not Set,Not Set,Not Set,Not Set
2608,UPPER TOWNSHIP SA RIPTIDE 2010,Soccer,U-13,5,999,Not Set,Not Set,Not Set,Not Listed
2292,UPPER TOWNSHIP SA ROLLING THUNDER 2013,Soccer,U-10,5,999,UPPER TWP-Amanda's Field Complex,S7,Not Set,Not Listed
2899,UPPER TOWNSHIP SA SUPER SONICS 2015,Soccer,U-8,5,999,UPPER TWP-Amanda's Field Complex,S7,Not Set,Not Set
2631,UPPER TOWNSHIP SA TSUNAMIS 2011,Soccer,U-12,5,999,Not Set,Not Set,Not Set,Not Listed
2952,VINELAND SA BLAST 2013,Soccer,U-10,5,999,Not Set,Not Set,Not Set,Not Set
2307,VINELAND SA FURY 2012,Soccer,U-11,5,999,Not Set,Not Set,Not Set,Not Listed
2273,VINELAND SA JERSEY BOYZ 2012,Soccer,U-11,5,999,Not Set,Not Set,Not Set,Not Listed
3063,VINELAND SA LIVERPOOL 2015,Soccer,U-8,5,999,Not Set,Not Set,Not Set,Not Set
2507,VINELAND SA REBELS 2010,Soccer,U-13,5,999,Not Set,Not Set,Not Set,Not Listed
2404,VINELAND SA STRIKERS 2011,Soccer,U-12,5,999,Not Set,Not Set,Not Set,Not Listed
2445,VINELAND SA UNITED 2013,Soccer,U-10,5,999,Not Set,Not Set,Not Set,Not Listed
3351,VINELAND SA VIKINGS 2008,Soccer,U-15,5,999,Not Set,Not Set,Not Set,Not Set
3499,VINELAND SA VINELAND LIVERPOOL 2015,Soccer,U-8,5,999,VINELAND SA,S7,Not Set,Not Set
3387,VINELAND SA VINELAND TERMINATORS 2014,Soccer,U-9,5,999,VINELAND SA,S7,Not Set,Not Set
2747,VINELAND SAVINELAND VIKINGS 2008,Soccer,U-15,5,999,Not Set,Not Set,Not Set,Not Set
2941,VOORHEES SA A TEAM 2015 ,Soccer,U-8,5,999,VOORHEES-Echelon Complex,S7,Not Set,Not Set
2583,VOORHEES SA AMBUSH 2009,Soccer,U-14,5,999,VOORHEES-EASTERN HS,F1,Not Set,Not Listed
2694,VOORHEES SA ATTACK 2011,Soccer,U-12,5,999,Not Set,Not Set,Not Set,Not Listed
3440,VOORHEES SA AVATAR 2008,Soccer,U-15,5,999,Not Set,Not Set,Not Set,Not Set
3062,VOORHEES SA B TEAM 2015 ,Soccer,U-8,5,999,VOORHEES-Echelon Complex,S7,Not Set,Not Set
2691,VOORHEES SA BLACK CATS 2007,Soccer,U-16,5,999,VOORHEES-EASTERN HS,F1,Not Set,Not Listed
3519,VOORHEES SA BLACK CATS 2007,Soccer,U-17,5,999,Not Set,Not Set,Not Set,Not Set
2417,VOORHEES SA BLUES 2011,Soccer,U-12,5,999,Not Set,Not Set,Not Set,Not Listed
2897,VOORHEES SA C TEAM 2014 ,Soccer,U-9,5,999,Not Set,Not Set,Not Set,Not Set
3516,VOORHEES SA COBRAS 2015,Soccer,U-8,5,999,Not Set,Not Set,Not Set,Not Set
2360,VOORHEES SA FORCE 2012,Soccer,U-11,5,999,Not Set,Not Set,Not Set,Not Listed
2291,VOORHEES SA FURY 2011,Soccer,U-12,5,999,Not Set,Not Set,Not Set,Not Listed
2890,VOORHEES SA KNIGHTS 2014,Soccer,U-9,5,999,Not Set,Not Set,Not Set,Not Set
2856,VOORHEES SA LIGHTNING 2014,Soccer,U-9,5,999,Not Set,Not Set,Not Set,Not Set
2613,VOORHEES SA PREDATORS 2013,Soccer,U-10,5,999,VOORHEES-Echelon Complex,S7,Not Set,Not Listed
2729,VOORHEES SA RAPTORS 2013,Soccer,U-10,5,999,VOORHEES-Echelon Complex,S7,Not Set,Not Set
2622,VOORHEES SA THUNDER 2010,Soccer,U-13,5,999,VOORHEES-EASTERN HS,F1,Not Set,Not Listed
3520,VOORHEES SA VIKINGS 2014,Soccer,U-9,5,999,VOORHEES-Echelon Complex,S7,Not Set,Not Set
2585,VOORHEES SA WARRIORS 2010,Soccer,U-13,5,999,VOORHEES-EASTERN HS,F1,Not Set,Not Listed
2757,VOORHEES SAVOORHEES AVATAR 2008,Soccer,U-15,5,999,Not Set,Not Set,Not Set,Not Set
3147,VSA BERSERKERS EDP/B,Soccer,U-13,5,999,VOORHEES-Echelon Complex,F1,Not Set,Not Set
3087,VSA GALAXY EDP/G,Soccer,U-15,5,999,VOORHEES-EASTERN HS,F1,Not Set,Not Set
3110,VSA VENOM EDP/B,Soccer,U-15,5,999,VOORHEES-EASTERN HS,F1,Not Set,Not Set
3085,VSA WILDCATS EDP/G,Soccer,U-14,5,999,VOORHEES-EASTERN HS,F1,Not Set,Not Set
3112,VSA WOLFPACK EDP/B,Soccer,U-14,5,999,VOORHEES-EASTERN HS,F1,Not Set,Not Set
3113,WALL EDP/B,Soccer,U-14,5,999,Not Set,Not Set,Not Set,Not Set
3186,WALL EDP/G,Soccer,U-14,5,999,Not Set,Not Set,Not Set,Not Set
3144,WALL ELITE EDP/G,Soccer,U-12,5,999,Not Set,Not Set,Not Set,Not Set
3107,WARRINGTON EDP/G,Soccer,U-13,5,999,Not Set,Not Set,Not Set,Not Set
3135,WASH UNITED NJYS CHALLENGE CUP/G,Soccer,U-14,5,999,WASHINGTON TWP-WASH LAKE PARK,F1,Not Set,Not Set
3001,WASHINGTON TWP SOCCER CLUB BLUE 2014,Soccer,U-9,5,999,WASHINGTON TWP. - Levy Fields (Virtua),WASHINGTON TWP. - VIRTUA S7,Not Set,Not Set
2916,WASHINGTON TWP SOCCER CLUB BLUE 2015,Soccer,U-8,5,999,Not Set,Not Set,Not Set,Not Set
2907,WASHINGTON TWP SOCCER CLUB DAREDEVILS 2013,Soccer,U-10,5,999,Not Set,Not Set,Not Set,Not Set
2871,WASHINGTON TWP SOCCER CLUB GLADIATORS 2009,Soccer,U-14,5,999,WASHINGTON TWP-WASH LAKE PARK,F3,Not Set,Not Set
2995,WASHINGTON TWP SOCCER CLUB LIGHTNING 2011,Soccer,U-12,5,999,WASHINGTON TWP-WASH LAKE PARK,S7,Not Set,Not Set
2862,WASHINGTON TWP SOCCER CLUB MINUTEMEN 2008,Soccer,U-15,5,999,Not Set,Not Set,Not Set,Not Set
2734,WASHINGTON TWP SOCCER CLUB PREDATORS 2012,Soccer,U-11,5,999,Not Set,Not Set,Not Set,Not Set
2888,WASHINGTON TWP SOCCER CLUB RAPTORS 2013,Soccer,U-10,5,999,WASHINGTON TWP. - Levy Fields (Virtua),WASHINGTON TWP. - VIRTUA S7,Not Set,Not Set
2808,WASHINGTON TWP SOCCER CLUB RED 2014,Soccer,U-9,5,999,WASHINGTON TWP. - Levy Fields (Virtua),WASHINGTON TWP. - VIRTUA S7,Not Set,Not Set
3073,WASHINGTON TWP SOCCER CLUB RED 2015,Soccer,U-8,5,999,Not Set,Not Set,Not Set,Not Set
2790,WASHINGTON TWP SOCCER CLUB REGULATORS 2011,Soccer,U-12,5,999,Not Set,Not Set,Not Set,Not Set
2973,WASHINGTON TWP SOCCER CLUB RENEGADES 2010,Soccer,U-13,5,999,Not Set,Not Set,Not Set,Not Set
2772,WASHINGTON TWP SOCCER CLUB REVOLUTION 2010,Soccer,U-13,5,999,Not Set,Not Set,Not Set,Not Set
2762,WASHINGTON TWP SOCCER CLUB SPARTANS 2007,Soccer,U-16,5,999,WASHINGTON TWP-WASH LAKE PARK,F3,Not Set,Not Set
3289,WASHINGTON TWP SOCCER CLUB WASHINGTON TWP WHITE WA,Soccer,U-9,5,999,WASHINGTON TWP- H.S.,S7.2,Not Set,Not Listed
2892,WASHINGTON TWP SOCCER CLUB WHITE 2014,Soccer,U-9,5,999,Not Set,Not Set,Not Set,Not Set
3126,WASHINGTON UNITED EDP/B,Soccer,U-11,5,999,WASHINGTON TWP-WASH LAKE PARK,F1,Not Set,Not Set
3089,WASHINGTON UNITED EDP/G,Soccer,U-11,5,999,WASHINGTON TWP. - Levy Fields (Virtua),WASHINGTON TWP. - VIRTUA S7,Not Set,Not Set
3128,WASHINGTON UNITED EDP/G,Soccer,U-13,5,999,WASHINGTON TWP-WASH LAKE PARK,F1,Not Set,Not Set
3100,WASHINGTON UNITED EDP/G,Soccer,U-14,5,999,Not Set,Not Set,Not Set,Not Set
2309,WASHINGTON UNITED SOCCER CLUB WUSC 2011,Soccer,U-12,5,999,WASHINGTON TWP-WASH LAKE PARK,S7,Not Set,Not Listed
2665,WASHINGTON UNITED SOCCER CLUB WUSC 2013,Soccer,U-10,5,999,WASHINGTON TWP- H.S.,S7,Not Set,Not Listed
2801,WASHINGTON UNITED SOCCER CLUBWUSC 2011,Soccer,U-12,5,999,Not Set,Not Set,Not Set,Not Set
2759,WASHINGTON UNITED SOCCER CLUBWUSC 2013,Soccer,U-10,5,999,Not Set,Not Set,Not Set,Not Set
3099,WASINGTON UNITED EDP/B,Soccer,U-14,5,999,WASHINGTON TWP-WASH LAKE PARK,F1,Not Set,Not Set
3284,WATERFORD ATHLETIC ASSN WATERFORD ATHLETIC ASSN WI,Soccer,U-11,5,999,WATERFORD - BURNT MILL FIELD,S1,Not Set,Not Listed
2543,WATERFORD ATHLETIC ASSN WINGS 2012,Soccer,U-11,5,999,Not Set,Not Set,Not Set,Not Listed
3034,WEST DEPTFORD SC ANIMALS 2015,Soccer,U-8,5,999,Not Set,Not Set,Not Set,Not Set
2511,WEST DEPTFORD SC EAGLES 2014,Soccer,U-9,5,999,Not Set,Not Set,Not Set,Not Listed
2619,WEST DEPTFORD SC HORNETS 2010,Soccer,U-13,5,999,W DEPTFORD-WD PARK,F1,Not Set,Not Listed
2571,WEST DEPTFORD SC UNION 2012,Soccer,U-11,5,999,Not Set,Not Set,Not Set,Not Listed
2852,WEST DEPTFORD SC VIPERS 2008,Soccer,U-15,5,999,Not Set,Not Set,Not Set,Not Set
2666,WEST DEPTFORD SC WIZARDS 2013,Soccer,U-10,5,999,Not Set,Not Set,Not Set,Not Listed
2517,WEST DEPTFORD SC WOLFPACK 2011,Soccer,U-12,5,999,Not Set,Not Set,Not Set,Not Listed
3130,WEST MONT EDP/G,Soccer,U-13,5,999,Not Set,Not Set,Not Set,Not Set
3166,WESTERN LEHIGH EDP/G,Soccer,U-14,5,999,Not Set,Not Set,Not Set,Not Set
3076,WINSLOW TOWNSHIP YSA CYCLONES 2008,Soccer,U-15,5,999,Not Set,Not Set,Not Set,Not Set
2902,WINSLOW TOWNSHIP YSA DYNAMO 2012,Soccer,U-11,5,999,Not Set,Not Set,Not Set,Not Set
2732,WINSLOW TOWNSHIP YSA ENFORCERS 2007,Soccer,U-16,5,999,Not Set,Not Set,Not Set,Not Set
2830,WINSLOW TOWNSHIP YSA RUSH 2011,Soccer,U-12,5,999,Not Set,Not Set,Not Set,Not Set
2840,WINSLOW TOWNSHIP YSA SHARKS 2013,Soccer,U-10,5,999,Not Set,Not Set,Not Set,Not Set
2720,WINSLOW TOWNSHIP YSA SLAYERS 2010,Soccer,U-13,5,999,Not Set,Not Set,Not Set,Not Set
2860,WINSLOW TOWNSHIP YSA VIPERS 2009,Soccer,U-14,5,999,Not Set,Not Set,Not Set,Not Set
2994,WINSLOW TOWNSHIP YSA WILD CATS 2011,Soccer,U-12,5,999,Not Set,Not Set,Not Set,Not Set
3441,WINSLOW TOWNSHIP YSA WINSLOW CYCLONES 2008,Soccer,U-15,5,999,Not Set,Not Set,Not Set,Not Set
3384,WINSLOW TOWNSHIP YSA WINSLOW DYNAMO 2012,Soccer,U-11,5,999,WINSLOW TWP - PETER VOLPA,S9,Not Set,Not Set
3436,WINSLOW TOWNSHIP YSA WINSLOW ENFORCERS 2007,Soccer,U-16,5,999,WINSLOW TWP - PETER VOLPA,F1,Not Set,Not Set
3212,WINSLOW TOWNSHIP YSA WINSLOW GOBLINS 2004,Soccer,U-19,5,999,WINSLOW TWP - PETER VOLPA,F1,Not Set,Not Set
3418,WINSLOW TOWNSHIP YSA WINSLOW RUSH 2011,Soccer,U-12,5,999,Not Set,Not Set,Not Set,Not Set
3416,WINSLOW TOWNSHIP YSA WINSLOW SHARKS 2013,Soccer,U-10,5,999,WINSLOW TWP - PETER VOLPA,S7,Not Set,Not Set
3437,WINSLOW TOWNSHIP YSA WINSLOW SLAYERS 2010,Soccer,U-13,5,999,Not Set,Not Set,Not Set,Not Set
3271,WINSLOW TOWNSHIP YSA WINSLOW VIPERS 2009,Soccer,U-14,5,999,Not Set,Not Set,Not Set,Not Set
3222,WINSLOW TOWNSHIP YSA WINSLOW WILDCATS 2011,Soccer,U-12,5,999,Not Set,Not Set,Not Set,Not Set
3281,WINSLOW TOWNSHIP YSA WINSLOW WOLVES 2006,Soccer,U-19,5,999,WINSLOW TWP - PETER VOLPA,F1,Not Set,Not Set
2887,WINSLOW TOWNSHIP YSA WOLVES 2006,Soccer,U-18,5,999,Not Set,Not Set,Not Set,Not Set
3495,WOODBURY SOCCER CLUB WOODBURY ARMORY 2011,Soccer,U-12,5,999,Not Set,Not Set,Not Set,Not Set
3340,WOODBURY SOCCER CLUB WOODBURY PINES 2013,Soccer,U-10,5,999,Not Set,Not Set,Not Set,Not Set
2969,WOODBURY SOCCER CLUBWOODBURY ARMORY 2011,Soccer,U-12,5,999,Not Set,Not Set,Not Set,Not Set
2779,WOODBURY SOCCER CLUBWOODBURY PINES 2013,Soccer,U-10,5,999,Not Set,Not Set,Not Set,Not Set
3079,WOODBURY SOCCER CLUBWOODBURY SPITFIRES 2008,Soccer,U-15,5,999,Not Set,Not Set,Not Set,Not Set
2768,WOODSTOWN SOCCER CLUB ANGRY PIGS 2009,Soccer,U-14,5,999,Not Set,Not Set,Not Set,Not Set
3050,WOODSTOWN SOCCER CLUB FURY 2011,Soccer,U-12,5,999,Not Set,Not Set,Not Set,Not Set
3077,WOODSTOWN SOCCER CLUB PREDATORS 2013,Soccer,U-10,5,999,WOODSTOWN,S7,Not Set,Not Set
2716,WOODSTOWN SOCCER CLUB THUNDER 2012,Soccer,U-11,5,999,WOODSTOWN,S9,Not Set,Not Set
3007,WOODSTOWN SOCCER CLUB WARRIORS 2010,Soccer,U-13,5,999,WOODSTOWN,F1,Not Set,Not Set
2722,WOODSTOWN SOCCER CLUB WOLVERINES 2006,Soccer,U-18,5,999,Not Set,Not Set,Not Set,Not Set
2868,WOODSTOWN SOCCER CLUB WOLVERINES 2007,Soccer,U-16,5,999,Not Set,Not Set,Not Set,Not Set
2882,WOODSTOWN SOCCER CLUB WOLVERINES 2010,Soccer,U-13,5,999,WOODSTOWN,F1,Not Set,Not Set
2778,WOODSTOWN SOCCER CLUB WOLVERINES 2013,Soccer,U-10,5,999,WOODSTOWN,S7,Not Set,Not Set
3270,WOODSTOWN SOCCER CLUB WOODSTOWN ANGRY PIGS 2009,Soccer,U-14,5,999,WOODSTOWN,F1,Not Set,Not Set
3493,WOODSTOWN SOCCER CLUB WOODSTOWN FURY 2011,Soccer,U-12,5,999,WOODSTOWN,S9,Not Set,Not Set
3211,WOODSTOWN SOCCER CLUB WOODSTOWN WARRIORS 2010,Soccer,U-13,5,999,Not Set,Not Set,Not Set,Not Set
3452,WOODSTOWN SOCCER CLUB WOODSTOWN WOLVERINES 2007,Soccer,U-16,5,999,WOODSTOWN,F1,Not Set,Not Set
3341,WOODSTOWN SOCCER CLUB WOODSTOWN WOLVERINES 2010,Soccer,U-13,5,999,WOODSTOWN,F1,Not Set,Not Set
3199,WOODSTOWN SOCCER CLUB WOODSTOWN WOLVERINES 2013,Soccer,U-10,5,999,Not Set,Not Set,Not Set,Not Set
3086,WSA UNION COUNTY EDP/G,Soccer,U-14,5,999,Not Set,Not Set,Not Set,Not Set